date,name,min_temp,max_temp,max_gust
2020-08-18,EAST HAMPTON AIRPORT,68.1,69.8,15.0
2020-08-17,EAST HAMPTON AIRPORT,67.7,75.9,18.1
2020-08-16,EAST HAMPTON AIRPORT,67.5,68.9,15.0
2020-08-15,EAST HAMPTON AIRPORT,71.2,74.3,
2020-08-14,EAST HAMPTON AIRPORT,75.5,84.2,18.1
2020-08-13,EAST HAMPTON AIRPORT,76.5,81.9,
2020-08-12,EAST HAMPTON AIRPORT,75.4,76.1,15.0
2020-08-11,EAST HAMPTON AIRPORT,75.9,85.3,15.9
2020-08-10,EAST HAMPTON AIRPORT,72.3,72.9,
2020-08-09,EAST HAMPTON AIRPORT,65.7,69.8,
2020-08-08,EAST HAMPTON AIRPORT,68.7,69.8,
2020-08-07,EAST HAMPTON AIRPORT,68.2,80.4,14.0
2020-08-06,EAST HAMPTON AIRPORT,70.2,73.9,
2020-08-05,EAST HAMPTON AIRPORT,74.9,81.7,22.0
2020-08-04,EAST HAMPTON AIRPORT,76.2,87.4,38.1
2020-08-03,EAST HAMPTON AIRPORT,79.8,87.4,21.0
2020-08-02,EAST HAMPTON AIRPORT,73.9,74.3,
2020-08-01,EAST HAMPTON AIRPORT,72.4,85.3,
2020-07-31,EAST HAMPTON AIRPORT,73.0,87.1,24.1
2020-07-30,EAST HAMPTON AIRPORT,73.6,75.0,
2020-07-29,EAST HAMPTON AIRPORT,76.8,91.9,
2020-07-28,EAST HAMPTON AIRPORT,79.1,80.8,15.0
2020-07-27,EAST HAMPTON AIRPORT,80.1,91.0,17.1
2020-07-26,EAST HAMPTON AIRPORT,75.2,75.4,14.0
2020-07-25,EAST HAMPTON AIRPORT,73.9,84.9,15.0
2020-07-24,EAST HAMPTON AIRPORT,73.9,86.7,28.0
2020-07-23,EAST HAMPTON AIRPORT,74.7,77.5,
2020-07-22,EAST HAMPTON AIRPORT,73.0,77.0,
2020-07-21,EAST HAMPTON AIRPORT,75.2,80.6,
2020-07-20,EAST HAMPTON AIRPORT,72.5,72.9,15.9
2020-07-19,EAST HAMPTON AIRPORT,75.3,84.6,19.0
2020-07-18,EAST HAMPTON AIRPORT,75.8,84.0,
2020-07-17,EAST HAMPTON AIRPORT,64.7,65.7,
2020-07-16,EAST HAMPTON AIRPORT,65.9,75.6,15.9
2020-07-15,EAST HAMPTON AIRPORT,67.6,70.7,
2020-07-14,EAST HAMPTON AIRPORT,70.0,74.3,
2020-07-13,EAST HAMPTON AIRPORT,73.0,75.0,
2020-07-12,EAST HAMPTON AIRPORT,71.6,72.5,15.0
2020-07-11,EAST HAMPTON AIRPORT,72.4,73.6,20.0
2020-07-10,EAST HAMPTON AIRPORT,72.3,74.3,
2020-07-09,EAST HAMPTON AIRPORT,72.3,73.6,
2020-07-08,EAST HAMPTON AIRPORT,69.8,70.7,
2020-07-07,EAST HAMPTON AIRPORT,67.0,83.5,15.0
2020-07-06,EAST HAMPTON AIRPORT,71.4,71.6,
2020-07-05,EAST HAMPTON AIRPORT,70.9,77.9,15.9
2020-07-04,EAST HAMPTON AIRPORT,68.2,82.0,
2020-07-03,EAST HAMPTON AIRPORT,74.2,82.0,14.0
2020-07-02,EAST HAMPTON AIRPORT,71.4,80.2,
2020-07-01,EAST HAMPTON AIRPORT,66.9,76.6,15.0
2020-06-30,EAST HAMPTON AIRPORT,62.7,66.4,
2020-06-29,EAST HAMPTON AIRPORT,69.5,71.4,
2020-06-28,EAST HAMPTON AIRPORT,67.8,70.7,
2020-06-27,EAST HAMPTON AIRPORT,68.8,73.0,
2020-06-26,EAST HAMPTON AIRPORT,69.6,71.1,
2020-06-25,EAST HAMPTON AIRPORT,64.8,72.9,
2020-06-24,EAST HAMPTON AIRPORT,73.3,84.4,15.0
2020-06-23,EAST HAMPTON AIRPORT,68.9,86.5,14.0
2020-06-22,EAST HAMPTON AIRPORT,72.4,86.5,
2020-06-21,EAST HAMPTON AIRPORT,65.5,68.0,
2020-06-20,EAST HAMPTON AIRPORT,69.8,80.4,15.9
2020-06-19,EAST HAMPTON AIRPORT,67.0,76.8,
2020-06-18,EAST HAMPTON AIRPORT,63.7,71.6,
2020-06-17,EAST HAMPTON AIRPORT,56.5,61.7,
2020-06-16,EAST HAMPTON AIRPORT,59.8,72.3,20.0
2020-06-15,EAST HAMPTON AIRPORT,59.5,70.2,19.0
2020-06-14,EAST HAMPTON AIRPORT,61.2,71.4,15.9
2020-06-13,EAST HAMPTON AIRPORT,64.7,81.9,17.1
2020-06-12,EAST HAMPTON AIRPORT,69.1,81.9,15.9
2020-06-11,EAST HAMPTON AIRPORT,63.9,64.6,14.0
2020-06-10,EAST HAMPTON AIRPORT,66.5,80.1,15.0
2020-06-09,EAST HAMPTON AIRPORT,66.1,80.1,22.9
2020-06-08,EAST HAMPTON AIRPORT,54.5,66.2,
2020-06-07,EAST HAMPTON AIRPORT,66.4,78.4,22.0
2020-06-06,EAST HAMPTON AIRPORT,68.1,78.4,15.0
2020-06-05,EAST HAMPTON AIRPORT,63.8,66.4,
2020-06-04,EAST HAMPTON AIRPORT,64.4,67.5,17.1
2020-06-03,EAST HAMPTON AIRPORT,64.5,75.2,19.0
2020-06-02,EAST HAMPTON AIRPORT,48.4,54.1,
2020-06-01,EAST HAMPTON AIRPORT,55.0,67.5,20.0
2020-05-31,EAST HAMPTON AIRPORT,62.8,77.9,22.0
2020-05-30,EAST HAMPTON AIRPORT,60.0,60.8,18.1
2020-05-29,EAST HAMPTON AIRPORT,61.9,63.7,19.0
2020-05-28,EAST HAMPTON AIRPORT,59.6,60.3,
2020-05-27,EAST HAMPTON AIRPORT,60.2,69.4,
2020-05-26,EAST HAMPTON AIRPORT,59.2,69.3,
2020-05-25,EAST HAMPTON AIRPORT,55.3,65.3,15.9
2020-05-24,EAST HAMPTON AIRPORT,53.4,70.3,21.0
2020-05-23,EAST HAMPTON AIRPORT,60.8,71.4,22.9
2020-05-22,EAST HAMPTON AIRPORT,58.1,71.4,17.1
2020-05-21,EAST HAMPTON AIRPORT,47.2,58.8,
2020-05-20,EAST HAMPTON AIRPORT,51.7,61.7,21.0
2020-05-19,EAST HAMPTON AIRPORT,55.2,65.1,29.9
2020-05-18,EAST HAMPTON AIRPORT,49.1,49.6,
2020-05-17,EAST HAMPTON AIRPORT,51.8,57.2,19.0
2020-05-16,EAST HAMPTON AIRPORT,63.2,72.7,21.0
2020-05-15,EAST HAMPTON AIRPORT,58.1,73.9,21.0
2020-05-14,EAST HAMPTON AIRPORT,40.0,46.9,15.9
2020-05-13,EAST HAMPTON AIRPORT,47.8,57.2,22.9
2020-05-12,EAST HAMPTON AIRPORT,47.4,50.4,21.0
2020-05-11,EAST HAMPTON AIRPORT,49.4,56.7,25.1
2020-05-10,EAST HAMPTON AIRPORT,44.8,55.6,31.1
2020-05-09,EAST HAMPTON AIRPORT,41.4,56.7,33.0
2020-05-08,EAST HAMPTON AIRPORT,50.6,62.8,17.1
2020-05-07,EAST HAMPTON AIRPORT,39.2,41.4,
2020-05-06,EAST HAMPTON AIRPORT,45.6,57.9,20.0
2020-05-05,EAST HAMPTON AIRPORT,50.0,53.6,21.0
2020-05-04,EAST HAMPTON AIRPORT,56.1,64.4,18.1
2020-05-03,EAST HAMPTON AIRPORT,54.6,69.1,20.0
2020-05-02,EAST HAMPTON AIRPORT,56.9,68.4,25.1
2020-05-01,EAST HAMPTON AIRPORT,51.2,52.5,25.1
2020-04-30,EAST HAMPTON AIRPORT,47.0,53.4,26.0
2020-04-29,EAST HAMPTON AIRPORT,40.3,45.5,
2020-04-28,EAST HAMPTON AIRPORT,41.2,42.4,24.1
2020-04-27,EAST HAMPTON AIRPORT,43.2,48.9,22.0
2020-04-26,EAST HAMPTON AIRPORT,42.7,45.7,
2020-04-25,EAST HAMPTON AIRPORT,40.1,44.8,
2020-04-24,EAST HAMPTON AIRPORT,42.1,43.7,
2020-04-23,EAST HAMPTON AIRPORT,41.0,43.2,18.1
2020-04-22,EAST HAMPTON AIRPORT,39.1,41.0,22.9
2020-04-21,EAST HAMPTON AIRPORT,40.5,53.1,31.1
2020-04-20,EAST HAMPTON AIRPORT,48.2,52.7,20.0
2020-04-19,EAST HAMPTON AIRPORT,38.3,41.5,
2020-04-18,EAST HAMPTON AIRPORT,40.3,47.8,20.0
2020-04-17,EAST HAMPTON AIRPORT,40.8,47.8,25.1
2020-04-16,EAST HAMPTON AIRPORT,42.6,50.7,22.9
2020-04-15,EAST HAMPTON AIRPORT,45.1,57.2,22.9
2020-04-14,EAST HAMPTON AIRPORT,53.6,57.2,20.0
2020-04-13,EAST HAMPTON AIRPORT,52.2,56.7,35.0
2020-04-12,EAST HAMPTON AIRPORT,33.5,39.7,
2020-04-11,EAST HAMPTON AIRPORT,42.9,44.6,29.9
2020-04-10,EAST HAMPTON AIRPORT,44.4,45.7,26.0
2020-04-09,EAST HAMPTON AIRPORT,42.8,53.8,29.9
2020-04-08,EAST HAMPTON AIRPORT,48.4,49.1,
2020-04-07,EAST HAMPTON AIRPORT,49.5,61.0,22.0
2020-04-06,EAST HAMPTON AIRPORT,39.3,43.9,
2020-04-05,EAST HAMPTON AIRPORT,38.0,40.1,
2020-04-04,EAST HAMPTON AIRPORT,45.7,52.0,25.1
2020-04-03,EAST HAMPTON AIRPORT,43.0,47.7,28.9
2020-04-02,EAST HAMPTON AIRPORT,42.9,54.9,29.9
2020-04-01,EAST HAMPTON AIRPORT,38.8,47.7,20.0
2020-03-31,EAST HAMPTON AIRPORT,40.8,47.5,15.0
2020-03-30,EAST HAMPTON AIRPORT,42.9,44.6,15.9
2020-03-29,EAST HAMPTON AIRPORT,44.2,44.8,22.9
2020-03-28,EAST HAMPTON AIRPORT,43.7,50.4,
2020-03-27,EAST HAMPTON AIRPORT,50.0,63.0,19.0
2020-03-26,EAST HAMPTON AIRPORT,38.8,40.6,22.9
2020-03-25,EAST HAMPTON AIRPORT,40.4,51.1,26.0
2020-03-24,EAST HAMPTON AIRPORT,42.0,51.1,21.0
2020-03-23,EAST HAMPTON AIRPORT,33.1,33.8,17.1
2020-03-22,EAST HAMPTON AIRPORT,33.8,40.1,
2020-03-21,EAST HAMPTON AIRPORT,48.5,62.1,22.9
2020-03-20,EAST HAMPTON AIRPORT,44.6,46.9,
2020-03-19,EAST HAMPTON AIRPORT,41.5,41.9,
2020-03-18,EAST HAMPTON AIRPORT,40.3,49.8,15.9
2020-03-17,EAST HAMPTON AIRPORT,40.3,47.8,18.1
2020-03-16,EAST HAMPTON AIRPORT,37.2,41.4,17.1
2020-03-15,EAST HAMPTON AIRPORT,43.5,49.1,14.0
2020-03-14,EAST HAMPTON AIRPORT,45.1,56.5,22.0
2020-03-13,EAST HAMPTON AIRPORT,47.6,56.3,28.0
2020-03-12,EAST HAMPTON AIRPORT,39.8,55.6,19.0
2020-03-11,EAST HAMPTON AIRPORT,49.1,55.2,18.1
2020-03-10,EAST HAMPTON AIRPORT,48.9,56.5,21.0
2020-03-09,EAST HAMPTON AIRPORT,46.4,55.8,17.1
2020-03-08,EAST HAMPTON AIRPORT,39.2,51.4,19.0
2020-03-07,EAST HAMPTON AIRPORT,37.7,45.5,31.1
2020-03-06,EAST HAMPTON AIRPORT,36.4,48.2,25.1
2020-03-05,EAST HAMPTON AIRPORT,42.7,52.9,18.1
2020-03-04,EAST HAMPTON AIRPORT,47.7,52.9,29.9
2020-03-03,EAST HAMPTON AIRPORT,48.0,52.9,22.9
2020-03-02,EAST HAMPTON AIRPORT,33.7,50.9,26.0
2020-03-01,EAST HAMPTON AIRPORT,27.8,36.9,22.9
2020-02-29,EAST HAMPTON AIRPORT,30.6,39.0,22.9
2020-02-28,EAST HAMPTON AIRPORT,33.3,49.6,29.9
2020-02-27,EAST HAMPTON AIRPORT,42.9,49.6,34.0
2020-02-26,EAST HAMPTON AIRPORT,44.4,48.6,15.0
2020-02-25,EAST HAMPTON AIRPORT,44.0,51.1,15.0
2020-02-24,EAST HAMPTON AIRPORT,38.9,51.1,
2020-02-23,EAST HAMPTON AIRPORT,33.1,50.0,18.1
2020-02-22,EAST HAMPTON AIRPORT,30.1,45.9,21.0
2020-02-21,EAST HAMPTON AIRPORT,25.3,30.6,24.1
2020-02-20,EAST HAMPTON AIRPORT,30.4,45.9,
2020-02-19,EAST HAMPTON AIRPORT,42.7,47.3,21.0
2020-02-18,EAST HAMPTON AIRPORT,30.8,35.1,
2020-02-17,EAST HAMPTON AIRPORT,35.7,45.9,14.0
2020-02-16,EAST HAMPTON AIRPORT,30.7,34.2,20.0
2020-02-15,EAST HAMPTON AIRPORT,18.8,23.0,18.1
2020-02-14,EAST HAMPTON AIRPORT,37.9,38.8,
2020-02-13,EAST HAMPTON AIRPORT,39.4,40.1,
2020-02-12,EAST HAMPTON AIRPORT,39.7,45.0,21.0
2020-02-11,EAST HAMPTON AIRPORT,42.3,42.8,
2020-02-10,EAST HAMPTON AIRPORT,41.2,43.0,
2020-02-09,EAST HAMPTON AIRPORT,23.3,26.6,
2020-02-08,EAST HAMPTON AIRPORT,33.2,38.7,28.0
2020-02-07,EAST HAMPTON AIRPORT,43.3,54.7,48.0
2020-02-06,EAST HAMPTON AIRPORT,39.3,43.9,19.0
2020-02-05,EAST HAMPTON AIRPORT,43.7,45.5,
2020-02-04,EAST HAMPTON AIRPORT,34.1,38.8,
2020-02-03,EAST HAMPTON AIRPORT,36.0,37.6,
2020-02-02,EAST HAMPTON AIRPORT,36.5,36.7,
2020-02-01,EAST HAMPTON AIRPORT,35.7,41.2,
2020-01-31,EAST HAMPTON AIRPORT,28.2,41.2,
2020-01-30,EAST HAMPTON AIRPORT,30.5,33.4,15.9
2020-01-29,EAST HAMPTON AIRPORT,34.7,35.6,15.9
2020-01-28,EAST HAMPTON AIRPORT,39.5,40.3,
2020-01-27,EAST HAMPTON AIRPORT,35.7,39.2,
2020-01-26,EAST HAMPTON AIRPORT,45.7,50.0,21.0
2020-01-25,EAST HAMPTON AIRPORT,37.7,39.7,
2020-01-24,EAST HAMPTON AIRPORT,28.8,29.5,
2020-01-23,EAST HAMPTON AIRPORT,18.5,22.8,
2020-01-22,EAST HAMPTON AIRPORT,16.0,20.1,
2020-01-21,EAST HAMPTON AIRPORT,23.0,28.2,15.9
2020-01-20,EAST HAMPTON AIRPORT,26.5,45.1,25.1
2020-01-19,EAST HAMPTON AIRPORT,39.3,44.8,22.9
2020-01-18,EAST HAMPTON AIRPORT,20.7,33.4,17.1
2020-01-17,EAST HAMPTON AIRPORT,25.9,49.1,34.0
2020-01-16,EAST HAMPTON AIRPORT,41.0,49.1,34.0
2020-01-15,EAST HAMPTON AIRPORT,42.6,47.7,19.0
2020-01-14,EAST HAMPTON AIRPORT,40.0,44.6,
2020-01-13,EAST HAMPTON AIRPORT,42.2,65.7,18.1
2020-01-12,EAST HAMPTON AIRPORT,57.1,65.7,34.0
2020-01-11,EAST HAMPTON AIRPORT,51.6,56.8,22.9
2020-01-10,EAST HAMPTON AIRPORT,37.2,49.1,18.1
2020-01-09,EAST HAMPTON AIRPORT,27.5,39.6,27.0
2020-01-08,EAST HAMPTON AIRPORT,34.6,41.4,28.0
2020-01-07,EAST HAMPTON AIRPORT,36.2,43.3,14.0
2020-01-06,EAST HAMPTON AIRPORT,35.3,43.3,22.9
2020-01-05,EAST HAMPTON AIRPORT,39.1,49.5,33.0
2020-01-04,EAST HAMPTON AIRPORT,45.3,49.5,
2020-01-03,EAST HAMPTON AIRPORT,44.6,46.8,15.0
2020-01-02,EAST HAMPTON AIRPORT,36.5,47.3,19.0
2020-01-01,EAST HAMPTON AIRPORT,37.6,40.1,24.1
2019-12-31,EAST HAMPTON AIRPORT,38.9,41.0,24.1
2019-12-30,EAST HAMPTON AIRPORT,39.1,43.0,35.0
2019-12-29,EAST HAMPTON AIRPORT,35.7,46.6,
2019-12-28,EAST HAMPTON AIRPORT,42.8,50.4,15.9
2019-12-27,EAST HAMPTON AIRPORT,44.6,50.4,
2019-12-26,EAST HAMPTON AIRPORT,34.0,44.4,
2019-12-25,EAST HAMPTON AIRPORT,32.2,46.4,
2019-12-24,EAST HAMPTON AIRPORT,40.6,54.7,17.1
2019-12-23,EAST HAMPTON AIRPORT,39.0,54.7,15.9
2019-12-22,EAST HAMPTON AIRPORT,29.1,44.6,14.0
2019-12-21,EAST HAMPTON AIRPORT,25.9,35.8,
2019-12-20,EAST HAMPTON AIRPORT,24.0,31.1,22.0
2019-12-19,EAST HAMPTON AIRPORT,22.5,38.3,28.9
2019-12-18,EAST HAMPTON AIRPORT,33.3,38.3,18.1
2019-12-17,EAST HAMPTON AIRPORT,33.7,37.0,17.1
2019-12-16,EAST HAMPTON AIRPORT,34.5,47.5,27.0
2019-12-15,EAST HAMPTON AIRPORT,45.1,56.5,28.9
2019-12-14,EAST HAMPTON AIRPORT,53.8,56.5,28.0
2019-12-13,EAST HAMPTON AIRPORT,36.4,50.4,17.1
2019-12-12,EAST HAMPTON AIRPORT,29.0,41.9,21.0
2019-12-11,EAST HAMPTON AIRPORT,36.0,54.0,19.0
2019-12-10,EAST HAMPTON AIRPORT,53.4,56.7,24.1
2019-12-09,EAST HAMPTON AIRPORT,49.8,54.5,20.0
2019-12-08,EAST HAMPTON AIRPORT,27.7,41.0,
2019-12-07,EAST HAMPTON AIRPORT,35.7,47.8,24.1
2019-12-06,EAST HAMPTON AIRPORT,38.1,47.8,25.1
2019-12-05,EAST HAMPTON AIRPORT,37.5,43.7,27.0
2019-12-04,EAST HAMPTON AIRPORT,34.2,38.7,20.0
2019-12-03,EAST HAMPTON AIRPORT,32.6,42.4,29.9
2019-12-02,EAST HAMPTON AIRPORT,40.6,42.3,35.0
2019-12-01,EAST HAMPTON AIRPORT,31.5,40.3,22.9
2019-11-30,EAST HAMPTON AIRPORT,34.6,41.0,19.0
2019-11-29,EAST HAMPTON AIRPORT,36.1,53.6,31.1
2019-11-28,EAST HAMPTON AIRPORT,48.2,57.2,31.1
2019-11-27,EAST HAMPTON AIRPORT,47.0,57.4,22.0
2019-11-26,EAST HAMPTON AIRPORT,42.8,57.4,18.1
2019-11-25,EAST HAMPTON AIRPORT,43.2,53.6,24.1
2019-11-24,EAST HAMPTON AIRPORT,42.8,53.6,21.0
2019-11-23,EAST HAMPTON AIRPORT,39.2,54.3,25.1
2019-11-22,EAST HAMPTON AIRPORT,46.5,54.3,25.1
2019-11-21,EAST HAMPTON AIRPORT,40.1,47.3,17.1
2019-11-20,EAST HAMPTON AIRPORT,41.2,46.8,15.9
2019-11-19,EAST HAMPTON AIRPORT,42.6,47.1,15.0
2019-11-18,EAST HAMPTON AIRPORT,42.0,47.1,22.0
2019-11-17,EAST HAMPTON AIRPORT,32.4,33.3,15.9
2019-11-16,EAST HAMPTON AIRPORT,36.7,51.4,22.9
2019-11-15,EAST HAMPTON AIRPORT,42.0,51.3,15.0
2019-11-14,EAST HAMPTON AIRPORT,29.7,48.0,17.1
2019-11-13,EAST HAMPTON AIRPORT,26.8,30.4,29.9
2019-11-12,EAST HAMPTON AIRPORT,50.3,61.7,27.0
2019-11-11,EAST HAMPTON AIRPORT,45.2,61.7,15.0
2019-11-10,EAST HAMPTON AIRPORT,38.2,51.8,18.1
2019-11-09,EAST HAMPTON AIRPORT,31.6,40.6,21.0
2019-11-08,EAST HAMPTON AIRPORT,38.3,59.4,26.0
2019-11-07,EAST HAMPTON AIRPORT,42.9,57.9,20.0
2019-11-06,EAST HAMPTON AIRPORT,50.3,52.0,14.0
2019-11-05,EAST HAMPTON AIRPORT,52.0,55.4,
2019-11-04,EAST HAMPTON AIRPORT,46.1,47.7,
2019-11-03,EAST HAMPTON AIRPORT,45.4,52.9,18.1
2019-11-02,EAST HAMPTON AIRPORT,42.9,50.4,15.0
2019-11-01,EAST HAMPTON AIRPORT,57.1,68.0,35.9
2019-10-31,EAST HAMPTON AIRPORT,62.9,67.1,25.1
2019-10-30,EAST HAMPTON AIRPORT,59.9,63.0,15.0
2019-10-29,EAST HAMPTON AIRPORT,54.5,59.2,15.9
2019-10-28,EAST HAMPTON AIRPORT,53.2,65.5,15.0
2019-10-27,EAST HAMPTON AIRPORT,56.7,65.5,32.1
2019-10-26,EAST HAMPTON AIRPORT,54.4,63.1,15.0
2019-10-25,EAST HAMPTON AIRPORT,51.2,64.2,
2019-10-24,EAST HAMPTON AIRPORT,49.8,65.7,14.0
2019-10-23,EAST HAMPTON AIRPORT,60.3,65.7,22.0
2019-10-22,EAST HAMPTON AIRPORT,52.6,63.3,19.0
2019-10-21,EAST HAMPTON AIRPORT,55.7,63.3,21.0
2019-10-20,EAST HAMPTON AIRPORT,45.6,59.9,
2019-10-19,EAST HAMPTON AIRPORT,48.2,59.7,15.9
2019-10-18,EAST HAMPTON AIRPORT,54.1,60.3,25.1
2019-10-17,EAST HAMPTON AIRPORT,56.7,63.5,40.0
2019-10-16,EAST HAMPTON AIRPORT,47.8,64.2,26.0
2019-10-15,EAST HAMPTON AIRPORT,56.2,59.2,
2019-10-14,EAST HAMPTON AIRPORT,55.8,65.1,
2019-10-13,EAST HAMPTON AIRPORT,46.7,49.3,
2019-10-12,EAST HAMPTON AIRPORT,54.9,55.4,26.0
2019-10-11,EAST HAMPTON AIRPORT,53.6,56.3,28.0
2019-10-10,EAST HAMPTON AIRPORT,53.1,59.0,29.9
2019-10-09,EAST HAMPTON AIRPORT,55.5,60.8,26.0
2019-10-08,EAST HAMPTON AIRPORT,64.0,67.6,15.0
2019-10-07,EAST HAMPTON AIRPORT,69.0,73.6,22.0
2019-10-06,EAST HAMPTON AIRPORT,52.5,67.5,15.9
2019-10-05,EAST HAMPTON AIRPORT,49.1,52.9,22.0
2019-10-04,EAST HAMPTON AIRPORT,58.6,63.3,28.9
2019-10-03,EAST HAMPTON AIRPORT,55.9,64.4,18.1
2019-10-02,EAST HAMPTON AIRPORT,72.8,82.8,25.1
2019-10-01,EAST HAMPTON AIRPORT,63.1,70.9,25.1
2019-09-30,EAST HAMPTON AIRPORT,57.0,59.2,
2019-09-29,EAST HAMPTON AIRPORT,69.8,74.5,18.1
2019-09-28,EAST HAMPTON AIRPORT,59.3,72.5,18.1
2019-09-27,EAST HAMPTON AIRPORT,58.7,73.9,
2019-09-26,EAST HAMPTON AIRPORT,62.3,73.9,19.0
2019-09-25,EAST HAMPTON AIRPORT,61.8,66.7,17.1
2019-09-24,EAST HAMPTON AIRPORT,69.4,69.8,18.1
2019-09-23,EAST HAMPTON AIRPORT,66.9,67.1,
2019-09-22,EAST HAMPTON AIRPORT,58.3,63.0,
2019-09-21,EAST HAMPTON AIRPORT,57.3,60.6,
2019-09-20,EAST HAMPTON AIRPORT,57.0,73.2,14.0
2019-09-19,EAST HAMPTON AIRPORT,56.2,65.3,
2019-09-18,EAST HAMPTON AIRPORT,53.3,59.9,
2019-09-17,EAST HAMPTON AIRPORT,57.2,63.5,
2019-09-16,EAST HAMPTON AIRPORT,64.3,74.8,
2019-09-15,EAST HAMPTON AIRPORT,68.6,69.1,
2019-09-14,EAST HAMPTON AIRPORT,58.1,60.1,15.0
2019-09-13,EAST HAMPTON AIRPORT,58.6,61.7,15.0
2019-09-12,EAST HAMPTON AIRPORT,67.8,71.6,19.0
2019-09-11,EAST HAMPTON AIRPORT,67.5,68.5,
2019-09-10,EAST HAMPTON AIRPORT,56.7,61.2,
2019-09-09,EAST HAMPTON AIRPORT,57.9,59.5,
2019-09-08,EAST HAMPTON AIRPORT,64.2,74.7,
2019-09-07,EAST HAMPTON AIRPORT,63.1,71.4,27.0
2019-09-06,EAST HAMPTON AIRPORT,60.5,70.0,27.0
2019-09-05,EAST HAMPTON AIRPORT,66.7,76.8,17.1
2019-09-04,EAST HAMPTON AIRPORT,67.2,78.6,22.9
2019-09-03,EAST HAMPTON AIRPORT,68.7,71.2,15.0
2019-09-02,EAST HAMPTON AIRPORT,63.1,74.7,15.9
2019-09-01,EAST HAMPTON AIRPORT,63.6,77.2,21.0
2019-08-31,EAST HAMPTON AIRPORT,70.9,79.2,14.0
2019-08-30,EAST HAMPTON AIRPORT,67.4,80.6,20.0
2019-08-29,EAST HAMPTON AIRPORT,72.9,80.6,15.9
2019-08-28,EAST HAMPTON AIRPORT,66.1,72.9,14.0
2019-08-27,EAST HAMPTON AIRPORT,59.7,72.7,
2019-08-26,EAST HAMPTON AIRPORT,64.3,72.7,19.0
2019-08-25,EAST HAMPTON AIRPORT,65.4,73.2,22.9
2019-08-24,EAST HAMPTON AIRPORT,66.8,73.2,15.0
2019-08-23,EAST HAMPTON AIRPORT,70.2,77.9,25.1
2019-08-22,EAST HAMPTON AIRPORT,77.9,88.3,17.1
2019-08-21,EAST HAMPTON AIRPORT,72.8,86.9,19.0
2019-08-20,EAST HAMPTON AIRPORT,75.3,86.9,
2019-08-19,EAST HAMPTON AIRPORT,76.9,83.8,21.0
2019-08-18,EAST HAMPTON AIRPORT,74.8,83.8,
2019-08-17,EAST HAMPTON AIRPORT,70.8,77.2,
2019-08-16,EAST HAMPTON AIRPORT,68.1,77.9,17.1
2019-08-15,EAST HAMPTON AIRPORT,70.0,77.9,15.9
2019-08-14,EAST HAMPTON AIRPORT,70.5,77.9,15.0
2019-08-13,EAST HAMPTON AIRPORT,72.3,76.3,15.9
2019-08-12,EAST HAMPTON AIRPORT,69.7,82.9,15.9
2019-08-11,EAST HAMPTON AIRPORT,67.6,80.1,17.1
2019-08-10,EAST HAMPTON AIRPORT,70.4,83.3,20.0
2019-08-09,EAST HAMPTON AIRPORT,72.4,83.3,15.9
2019-08-08,EAST HAMPTON AIRPORT,73.1,81.9,18.1
2019-08-07,EAST HAMPTON AIRPORT,70.9,81.3,18.1
2019-08-06,EAST HAMPTON AIRPORT,69.1,78.4,
2019-08-05,EAST HAMPTON AIRPORT,71.8,85.1,
2019-08-04,EAST HAMPTON AIRPORT,76.8,85.1,
2019-08-03,EAST HAMPTON AIRPORT,71.6,81.9,14.0
2019-08-02,EAST HAMPTON AIRPORT,70.3,84.4,
2019-08-01,EAST HAMPTON AIRPORT,75.4,84.4,15.9
2019-07-31,EAST HAMPTON AIRPORT,76.8,86.4,17.1
2019-07-30,EAST HAMPTON AIRPORT,77.4,86.4,
2019-07-29,EAST HAMPTON AIRPORT,77.4,85.1,15.9
2019-07-28,EAST HAMPTON AIRPORT,71.6,84.4,18.1
2019-07-27,EAST HAMPTON AIRPORT,70.0,81.5,
2019-07-26,EAST HAMPTON AIRPORT,69.2,81.5,
2019-07-25,EAST HAMPTON AIRPORT,69.3,79.9,
2019-07-24,EAST HAMPTON AIRPORT,67.7,77.0,
2019-07-23,EAST HAMPTON AIRPORT,69.7,83.8,32.1
2019-07-22,EAST HAMPTON AIRPORT,79.0,95.0,
2019-07-21,EAST HAMPTON AIRPORT,83.9,95.0,18.1
2019-07-20,EAST HAMPTON AIRPORT,82.9,92.7,15.9
2019-07-19,EAST HAMPTON AIRPORT,70.1,79.0,15.9
2019-07-18,EAST HAMPTON AIRPORT,71.9,77.2,18.1
2019-07-17,EAST HAMPTON AIRPORT,77.0,84.4,17.1
2019-07-16,EAST HAMPTON AIRPORT,71.4,82.9,14.0
2019-07-15,EAST HAMPTON AIRPORT,73.5,88.0,15.0
2019-07-14,EAST HAMPTON AIRPORT,77.3,88.0,15.0
2019-07-13,EAST HAMPTON AIRPORT,75.1,86.2,
2019-07-12,EAST HAMPTON AIRPORT,76.0,86.2,15.9
2019-07-11,EAST HAMPTON AIRPORT,73.6,84.6,15.9
2019-07-10,EAST HAMPTON AIRPORT,73.3,84.6,
2019-07-09,EAST HAMPTON AIRPORT,69.5,83.8,14.0
2019-07-08,EAST HAMPTON AIRPORT,66.2,78.3,
2019-07-07,EAST HAMPTON AIRPORT,73.1,81.0,20.0
2019-07-06,EAST HAMPTON AIRPORT,75.4,81.0,20.0
2019-07-05,EAST HAMPTON AIRPORT,71.4,85.3,
2019-07-04,EAST HAMPTON AIRPORT,73.4,85.3,
2019-07-03,EAST HAMPTON AIRPORT,74.7,84.4,
2019-07-02,EAST HAMPTON AIRPORT,73.5,82.8,
2019-07-01,EAST HAMPTON AIRPORT,69.2,81.5,
2019-06-30,EAST HAMPTON AIRPORT,73.4,85.5,24.1
2019-06-29,EAST HAMPTON AIRPORT,74.6,86.4,20.0
2019-06-28,EAST HAMPTON AIRPORT,74.0,86.4,
2019-06-27,EAST HAMPTON AIRPORT,71.7,84.9,
2019-06-26,EAST HAMPTON AIRPORT,70.8,78.4,
2019-06-25,EAST HAMPTON AIRPORT,67.2,70.7,18.1
2019-06-24,EAST HAMPTON AIRPORT,70.5,82.4,15.0
2019-06-23,EAST HAMPTON AIRPORT,68.8,81.1,15.9
2019-06-22,EAST HAMPTON AIRPORT,67.4,78.1,20.0
2019-06-21,EAST HAMPTON AIRPORT,66.4,70.0,17.1
2019-06-20,EAST HAMPTON AIRPORT,64.6,69.8,
2019-06-19,EAST HAMPTON AIRPORT,64.1,69.8,
2019-06-18,EAST HAMPTON AIRPORT,64.0,74.5,
2019-06-17,EAST HAMPTON AIRPORT,68.2,74.5,
2019-06-16,EAST HAMPTON AIRPORT,65.2,69.6,22.9
2019-06-15,EAST HAMPTON AIRPORT,60.5,73.4,22.9
2019-06-14,EAST HAMPTON AIRPORT,62.1,71.1,25.1
2019-06-13,EAST HAMPTON AIRPORT,57.2,70.3,25.1
2019-06-12,EAST HAMPTON AIRPORT,63.3,73.6,18.1
2019-06-11,EAST HAMPTON AIRPORT,66.9,73.6,22.0
2019-06-10,EAST HAMPTON AIRPORT,57.3,71.1,18.1
2019-06-09,EAST HAMPTON AIRPORT,58.4,75.6,17.1
2019-06-08,EAST HAMPTON AIRPORT,62.0,75.6,20.0
2019-06-07,EAST HAMPTON AIRPORT,64.1,81.0,14.0
2019-06-06,EAST HAMPTON AIRPORT,69.3,81.0,22.9
2019-06-05,EAST HAMPTON AIRPORT,63.2,71.1,21.0
2019-06-04,EAST HAMPTON AIRPORT,56.5,69.3,20.0
2019-06-03,EAST HAMPTON AIRPORT,63.6,69.3,26.0
2019-06-02,EAST HAMPTON AIRPORT,59.3,72.7,
2019-06-01,EAST HAMPTON AIRPORT,63.3,77.0,
2019-05-31,EAST HAMPTON AIRPORT,63.9,77.0,15.0
2019-05-30,EAST HAMPTON AIRPORT,54.2,61.9,17.1
2019-05-29,EAST HAMPTON AIRPORT,57.3,64.0,19.0
2019-05-28,EAST HAMPTON AIRPORT,59.5,78.3,22.0
2019-05-27,EAST HAMPTON AIRPORT,70.0,81.1,15.9
2019-05-26,EAST HAMPTON AIRPORT,64.5,81.1,15.9
2019-05-25,EAST HAMPTON AIRPORT,57.4,74.1,15.0
2019-05-24,EAST HAMPTON AIRPORT,65.2,74.1,28.9
2019-05-23,EAST HAMPTON AIRPORT,55.7,69.6,18.1
2019-05-22,EAST HAMPTON AIRPORT,59.9,69.1,22.9
2019-05-21,EAST HAMPTON AIRPORT,62.2,72.0,25.1
2019-05-20,EAST HAMPTON AIRPORT,63.5,72.0,22.0
2019-05-19,EAST HAMPTON AIRPORT,57.0,63.5,22.0
2019-05-18,EAST HAMPTON AIRPORT,59.8,70.2,18.1
2019-05-17,EAST HAMPTON AIRPORT,56.0,64.2,24.1
2019-05-16,EAST HAMPTON AIRPORT,56.5,68.0,15.9
2019-05-15,EAST HAMPTON AIRPORT,49.5,62.1,18.1
2019-05-14,EAST HAMPTON AIRPORT,45.3,53.4,20.0
2019-05-13,EAST HAMPTON AIRPORT,46.2,50.0,22.9
2019-05-11,EAST HAMPTON AIRPORT,57.3,59.9,21.0
2019-05-10,EAST HAMPTON AIRPORT,53.0,59.9,21.0
2019-05-09,EAST HAMPTON AIRPORT,47.6,64.2,22.0
2019-05-08,EAST HAMPTON AIRPORT,56.3,64.2,15.0
2019-05-07,EAST HAMPTON AIRPORT,51.1,63.7,17.1
2019-05-06,EAST HAMPTON AIRPORT,52.1,63.7,21.0
2019-05-05,EAST HAMPTON AIRPORT,49.9,58.8,20.0
2019-05-04,EAST HAMPTON AIRPORT,52.3,58.8,
2019-05-03,EAST HAMPTON AIRPORT,47.5,62.4,15.9
2019-05-02,EAST HAMPTON AIRPORT,51.3,62.4,19.0
2019-05-01,EAST HAMPTON AIRPORT,44.8,50.4,
2019-04-30,EAST HAMPTON AIRPORT,46.0,53.8,
2019-04-29,EAST HAMPTON AIRPORT,46.3,53.8,18.1
2019-04-28,EAST HAMPTON AIRPORT,45.5,55.9,24.1
2019-04-27,EAST HAMPTON AIRPORT,52.6,58.1,34.0
2019-04-26,EAST HAMPTON AIRPORT,49.9,58.1,27.0
2019-04-25,EAST HAMPTON AIRPORT,50.1,66.4,14.0
2019-04-24,EAST HAMPTON AIRPORT,58.4,66.4,22.9
2019-04-23,EAST HAMPTON AIRPORT,56.3,64.4,14.0
2019-04-22,EAST HAMPTON AIRPORT,51.4,61.5,19.0
2019-04-21,EAST HAMPTON AIRPORT,54.2,59.9,15.0
2019-04-20,EAST HAMPTON AIRPORT,56.5,61.5,26.0
2019-04-19,EAST HAMPTON AIRPORT,55.2,61.5,22.9
2019-04-18,EAST HAMPTON AIRPORT,46.4,55.6,22.0
2019-04-17,EAST HAMPTON AIRPORT,51.1,60.8,17.1
2019-04-16,EAST HAMPTON AIRPORT,48.8,60.8,27.0
2019-04-15,EAST HAMPTON AIRPORT,55.6,64.9,33.0
2019-04-14,EAST HAMPTON AIRPORT,52.4,64.9,14.0
2019-04-13,EAST HAMPTON AIRPORT,52.8,57.4,17.1
2019-04-12,EAST HAMPTON AIRPORT,45.1,53.6,18.1
2019-04-11,EAST HAMPTON AIRPORT,39.9,53.8,14.0
2019-04-10,EAST HAMPTON AIRPORT,45.3,53.8,22.0
2019-04-09,EAST HAMPTON AIRPORT,42.6,47.5,18.1
2019-04-08,EAST HAMPTON AIRPORT,49.9,57.2,15.0
2019-04-07,EAST HAMPTON AIRPORT,45.4,62.1,15.9
2019-04-06,EAST HAMPTON AIRPORT,46.8,62.1,
2019-04-05,EAST HAMPTON AIRPORT,39.0,48.2,15.9
2019-04-04,EAST HAMPTON AIRPORT,48.6,62.1,27.0
2019-04-03,EAST HAMPTON AIRPORT,45.7,61.9,28.0
2019-04-02,EAST HAMPTON AIRPORT,32.6,45.7,19.0
2019-04-01,EAST HAMPTON AIRPORT,39.1,55.6,26.0
2019-03-31,EAST HAMPTON AIRPORT,49.0,59.0,22.0
2019-03-30,EAST HAMPTON AIRPORT,48.0,59.0,18.1
2019-03-29,EAST HAMPTON AIRPORT,45.6,51.3,17.1
2019-03-28,EAST HAMPTON AIRPORT,33.4,46.8,18.1
2019-03-27,EAST HAMPTON AIRPORT,33.7,44.8,15.0
2019-03-26,EAST HAMPTON AIRPORT,38.9,49.6,24.1
2019-03-25,EAST HAMPTON AIRPORT,45.4,50.9,19.0
2019-03-24,EAST HAMPTON AIRPORT,40.1,50.9,25.1
2019-03-23,EAST HAMPTON AIRPORT,39.0,46.6,33.0
2019-03-22,EAST HAMPTON AIRPORT,41.8,46.6,28.9
2019-03-21,EAST HAMPTON AIRPORT,41.6,46.0,21.0
2019-03-20,EAST HAMPTON AIRPORT,32.5,45.9,15.0
2019-03-19,EAST HAMPTON AIRPORT,31.0,44.8,18.1
2019-03-18,EAST HAMPTON AIRPORT,32.8,42.3,18.1
2019-03-17,EAST HAMPTON AIRPORT,36.6,55.8,21.0
2019-03-16,EAST HAMPTON AIRPORT,48.0,54.0,27.0
2019-03-15,EAST HAMPTON AIRPORT,48.7,55.9,28.0
2019-03-14,EAST HAMPTON AIRPORT,41.4,50.2,15.0
2019-03-13,EAST HAMPTON AIRPORT,33.7,40.3,
2019-03-12,EAST HAMPTON AIRPORT,38.1,51.3,24.1
2019-03-11,EAST HAMPTON AIRPORT,43.4,51.3,22.9
2019-03-10,EAST HAMPTON AIRPORT,36.4,47.3,28.0
2019-03-09,EAST HAMPTON AIRPORT,31.1,45.0,
2019-03-08,EAST HAMPTON AIRPORT,24.7,34.3,15.9
2019-03-07,EAST HAMPTON AIRPORT,22.6,30.6,25.1
2019-03-06,EAST HAMPTON AIRPORT,22.8,29.8,22.9
2019-03-05,EAST HAMPTON AIRPORT,26.7,39.0,18.1
2019-03-04,EAST HAMPTON AIRPORT,34.1,40.3,22.9
2019-03-03,EAST HAMPTON AIRPORT,34.3,40.3,15.0
2019-03-02,EAST HAMPTON AIRPORT,33.4,36.5,21.0
2019-03-01,EAST HAMPTON AIRPORT,26.3,32.9,
2019-02-28,EAST HAMPTON AIRPORT,27.4,32.5,18.1
2019-02-27,EAST HAMPTON AIRPORT,22.1,32.4,20.0
2019-02-26,EAST HAMPTON AIRPORT,28.7,42.6,33.0
2019-02-25,EAST HAMPTON AIRPORT,38.9,47.3,38.1
2019-02-24,EAST HAMPTON AIRPORT,39.9,47.3,25.1
2019-02-23,EAST HAMPTON AIRPORT,33.5,38.7,
2019-02-22,EAST HAMPTON AIRPORT,35.9,46.8,17.1
2019-02-21,EAST HAMPTON AIRPORT,37.5,46.8,21.0
2019-02-20,EAST HAMPTON AIRPORT,26.3,32.0,15.0
2019-02-19,EAST HAMPTON AIRPORT,26.9,35.8,28.0
2019-02-18,EAST HAMPTON AIRPORT,32.4,35.8,22.0
2019-02-17,EAST HAMPTON AIRPORT,29.8,46.6,18.1
2019-02-16,EAST HAMPTON AIRPORT,40.1,50.9,18.1
2019-02-15,EAST HAMPTON AIRPORT,41.5,50.9,22.9
2019-02-14,EAST HAMPTON AIRPORT,33.9,42.8,22.9
2019-02-13,EAST HAMPTON AIRPORT,37.7,42.8,28.9
2019-02-12,EAST HAMPTON AIRPORT,28.6,35.4,25.1
2019-02-11,EAST HAMPTON AIRPORT,30.7,35.4,
2019-02-10,EAST HAMPTON AIRPORT,27.0,32.4,15.9
2019-02-09,EAST HAMPTON AIRPORT,30.9,48.7,33.0
2019-02-08,EAST HAMPTON AIRPORT,40.5,48.7,22.9
2019-02-07,EAST HAMPTON AIRPORT,39.0,42.1,22.9
2019-02-06,EAST HAMPTON AIRPORT,38.1,58.3,15.9
2019-02-05,EAST HAMPTON AIRPORT,38.9,58.3,
2019-02-04,EAST HAMPTON AIRPORT,34.9,51.1,
2019-02-03,EAST HAMPTON AIRPORT,32.5,43.9,17.1
2019-02-02,EAST HAMPTON AIRPORT,14.2,31.6,25.1
2019-02-01,EAST HAMPTON AIRPORT,15.1,20.7,17.1
2019-01-31,EAST HAMPTON AIRPORT,10.6,21.9,32.1
2019-01-30,EAST HAMPTON AIRPORT,33.1,43.7,35.0
2019-01-29,EAST HAMPTON AIRPORT,30.2,40.1,20.0
2019-01-28,EAST HAMPTON AIRPORT,32.7,45.5,18.1
2019-01-27,EAST HAMPTON AIRPORT,32.7,45.5,22.0
2019-01-26,EAST HAMPTON AIRPORT,27.6,39.0,15.0
2019-01-25,EAST HAMPTON AIRPORT,35.4,53.8,22.0
2019-01-24,EAST HAMPTON AIRPORT,49.0,53.1,33.0
2019-01-23,EAST HAMPTON AIRPORT,28.9,44.1,17.1
2019-01-22,EAST HAMPTON AIRPORT,16.1,26.2,36.9
2019-01-21,EAST HAMPTON AIRPORT,10.3,23.2,38.1
2019-01-20,EAST HAMPTON AIRPORT,38.1,50.2,28.0
2019-01-19,EAST HAMPTON AIRPORT,32.3,40.6,15.9
2019-01-18,EAST HAMPTON AIRPORT,32.2,40.6,
2019-01-17,EAST HAMPTON AIRPORT,28.3,36.0,15.9
2019-01-16,EAST HAMPTON AIRPORT,24.3,36.0,18.1
2019-01-15,EAST HAMPTON AIRPORT,23.3,34.0,15.9
2019-01-14,EAST HAMPTON AIRPORT,29.4,32.4,18.1
2019-01-13,EAST HAMPTON AIRPORT,25.6,28.6,15.0
2019-01-12,EAST HAMPTON AIRPORT,22.6,30.2,24.1
2019-01-11,EAST HAMPTON AIRPORT,27.7,33.6,28.9
2019-01-10,EAST HAMPTON AIRPORT,33.3,45.5,26.0
2019-01-09,EAST HAMPTON AIRPORT,42.9,47.3,31.1
2019-01-08,EAST HAMPTON AIRPORT,38.1,47.3,17.1
2019-01-07,EAST HAMPTON AIRPORT,27.0,47.7,28.0
2019-01-06,EAST HAMPTON AIRPORT,37.6,47.7,24.1
2019-01-05,EAST HAMPTON AIRPORT,43.0,46.0,22.0
2019-01-04,EAST HAMPTON AIRPORT,32.4,45.0,20.0
2019-01-03,EAST HAMPTON AIRPORT,39.3,45.0,20.0
2019-01-02,EAST HAMPTON AIRPORT,34.5,41.2,18.1
2019-01-01,EAST HAMPTON AIRPORT,49.2,59.2,28.0
2018-12-31,EAST HAMPTON AIRPORT,31.4,43.2,15.0
2018-12-30,EAST HAMPTON AIRPORT,33.8,53.8,
2018-12-29,EAST HAMPTON AIRPORT,49.9,56.3,21.0
2018-12-28,EAST HAMPTON AIRPORT,44.3,56.3,25.1
2018-12-27,EAST HAMPTON AIRPORT,33.7,39.7,14.0
2018-12-26,EAST HAMPTON AIRPORT,32.4,39.4,14.0
2018-12-25,EAST HAMPTON AIRPORT,36.4,39.4,21.0
2018-12-24,EAST HAMPTON AIRPORT,33.4,39.2,
2018-12-23,EAST HAMPTON AIRPORT,36.8,52.7,22.0
2018-12-22,EAST HAMPTON AIRPORT,48.3,58.1,28.0
2018-12-21,EAST HAMPTON AIRPORT,53.0,58.1,28.9
2018-12-20,EAST HAMPTON AIRPORT,31.9,47.8,
2018-12-19,EAST HAMPTON AIRPORT,28.7,39.2,25.1
2018-12-18,EAST HAMPTON AIRPORT,33.1,42.6,32.1
2018-12-17,EAST HAMPTON AIRPORT,39.0,43.3,22.0
2018-12-16,EAST HAMPTON AIRPORT,42.7,50.9,28.0
2018-12-15,EAST HAMPTON AIRPORT,47.7,50.4,
2018-12-14,EAST HAMPTON AIRPORT,42.4,48.9,15.0
2018-12-13,EAST HAMPTON AIRPORT,32.0,39.0,14.0
2018-12-12,EAST HAMPTON AIRPORT,31.6,41.2,21.0
2018-12-11,EAST HAMPTON AIRPORT,26.2,41.2,
2018-12-10,EAST HAMPTON AIRPORT,30.2,37.0,22.9
2018-12-09,EAST HAMPTON AIRPORT,27.7,33.3,
2018-12-08,EAST HAMPTON AIRPORT,27.8,37.9,20.0
2018-12-07,EAST HAMPTON AIRPORT,35.6,40.1,20.0
2018-12-06,EAST HAMPTON AIRPORT,27.4,40.1,20.0
2018-12-05,EAST HAMPTON AIRPORT,29.4,44.2,
2018-12-04,EAST HAMPTON AIRPORT,40.0,56.3,22.9
2018-12-03,EAST HAMPTON AIRPORT,52.9,56.3,25.1
2018-12-02,EAST HAMPTON AIRPORT,47.4,56.3,21.0
2018-12-01,EAST HAMPTON AIRPORT,35.3,42.4,
2018-11-30,EAST HAMPTON AIRPORT,34.6,45.0,19.0
2018-11-29,EAST HAMPTON AIRPORT,40.3,45.0,27.0
2018-11-28,EAST HAMPTON AIRPORT,38.8,51.3,28.0
2018-11-27,EAST HAMPTON AIRPORT,45.1,51.3,32.1
2018-11-26,EAST HAMPTON AIRPORT,45.0,50.0,31.1
2018-11-25,EAST HAMPTON AIRPORT,47.9,52.0,29.9
2018-11-24,EAST HAMPTON AIRPORT,30.1,50.0,
2018-11-23,EAST HAMPTON AIRPORT,21.0,31.1,20.0
2018-11-22,EAST HAMPTON AIRPORT,25.3,43.7,28.0
2018-11-21,EAST HAMPTON AIRPORT,38.7,47.7,21.0
2018-11-20,EAST HAMPTON AIRPORT,42.5,47.7,15.9
2018-11-19,EAST HAMPTON AIRPORT,44.1,53.6,
2018-11-18,EAST HAMPTON AIRPORT,40.1,44.6,17.1
2018-11-17,EAST HAMPTON AIRPORT,40.8,48.6,18.1
2018-11-16,EAST HAMPTON AIRPORT,41.3,49.1,41.0
2018-11-15,EAST HAMPTON AIRPORT,31.2,43.0,20.0
2018-11-14,EAST HAMPTON AIRPORT,38.7,43.9,24.1
2018-11-13,EAST HAMPTON AIRPORT,50.9,59.9,22.0
2018-11-12,EAST HAMPTON AIRPORT,34.0,49.6,
2018-11-11,EAST HAMPTON AIRPORT,39.3,50.0,19.0
2018-11-10,EAST HAMPTON AIRPORT,47.9,52.5,31.1
2018-11-09,EAST HAMPTON AIRPORT,44.0,56.3,20.0
2018-11-08,EAST HAMPTON AIRPORT,51.3,60.3,20.0
2018-11-07,EAST HAMPTON AIRPORT,56.2,62.8,22.9
2018-11-06,EAST HAMPTON AIRPORT,55.6,62.8,20.0
2018-11-05,EAST HAMPTON AIRPORT,45.7,53.8,22.9
2018-11-04,EAST HAMPTON AIRPORT,46.9,63.5,25.1
2018-11-03,EAST HAMPTON AIRPORT,59.9,64.0,35.0
2018-11-02,EAST HAMPTON AIRPORT,62.0,64.0,24.1
2018-11-01,EAST HAMPTON AIRPORT,59.0,63.3,21.0
2018-10-31,EAST HAMPTON AIRPORT,40.6,59.9,18.1
2018-10-30,EAST HAMPTON AIRPORT,45.6,56.3,18.1
2018-10-29,EAST HAMPTON AIRPORT,50.7,56.3,22.0
2018-10-28,EAST HAMPTON AIRPORT,51.9,55.9,25.1
2018-10-27,EAST HAMPTON AIRPORT,47.8,54.5,35.0
2018-10-26,EAST HAMPTON AIRPORT,39.7,50.2,17.1
2018-10-25,EAST HAMPTON AIRPORT,45.1,53.4,24.1
2018-10-24,EAST HAMPTON AIRPORT,46.6,62.6,28.0
2018-10-23,EAST HAMPTON AIRPORT,46.7,62.6,27.0
2018-10-22,EAST HAMPTON AIRPORT,42.7,49.5,22.0
2018-10-21,EAST HAMPTON AIRPORT,45.5,61.9,28.0
2018-10-20,EAST HAMPTON AIRPORT,58.4,61.7,25.1
2018-10-19,EAST HAMPTON AIRPORT,43.6,58.3,20.0
2018-10-18,EAST HAMPTON AIRPORT,45.9,62.1,28.0
2018-10-17,EAST HAMPTON AIRPORT,49.7,65.8,24.1
2018-10-16,EAST HAMPTON AIRPORT,56.4,69.3,28.0
2018-10-15,EAST HAMPTON AIRPORT,52.9,66.2,21.0
2018-10-14,EAST HAMPTON AIRPORT,47.5,58.5,
2018-10-13,EAST HAMPTON AIRPORT,50.2,68.5,19.0
2018-10-12,EAST HAMPTON AIRPORT,63.0,72.3,28.0
2018-10-11,EAST HAMPTON AIRPORT,69.1,75.9,22.9
2018-10-10,EAST HAMPTON AIRPORT,69.2,75.9,
2018-10-09,EAST HAMPTON AIRPORT,66.9,74.7,15.9
2018-10-08,EAST HAMPTON AIRPORT,62.3,71.1,18.1
2018-10-07,EAST HAMPTON AIRPORT,66.7,70.9,
2018-10-06,EAST HAMPTON AIRPORT,56.1,68.2,
2018-10-05,EAST HAMPTON AIRPORT,64.8,72.0,18.1
2018-10-04,EAST HAMPTON AIRPORT,65.6,72.7,17.1
2018-10-03,EAST HAMPTON AIRPORT,66.7,72.7,17.1
2018-10-02,EAST HAMPTON AIRPORT,66.8,72.5,15.9
2018-10-01,EAST HAMPTON AIRPORT,59.0,71.2,17.1
2018-09-30,EAST HAMPTON AIRPORT,57.5,70.7,
2018-09-29,EAST HAMPTON AIRPORT,60.6,70.7,
2018-09-28,EAST HAMPTON AIRPORT,60.2,70.7,19.0
2018-09-27,EAST HAMPTON AIRPORT,66.5,74.8,19.0
2018-09-26,EAST HAMPTON AIRPORT,70.8,74.8,25.1
2018-09-25,EAST HAMPTON AIRPORT,62.3,69.1,22.0
2018-09-24,EAST HAMPTON AIRPORT,57.0,63.1,24.1
2018-09-23,EAST HAMPTON AIRPORT,61.2,72.5,
2018-09-22,EAST HAMPTON AIRPORT,69.3,72.5,22.0
2018-09-21,EAST HAMPTON AIRPORT,64.7,70.3,17.1
2018-09-20,EAST HAMPTON AIRPORT,63.4,70.3,15.0
2018-09-19,EAST HAMPTON AIRPORT,67.1,76.1,17.1
2018-09-18,EAST HAMPTON AIRPORT,72.4,76.1,24.1
2018-09-17,EAST HAMPTON AIRPORT,68.6,75.4,
2018-09-16,EAST HAMPTON AIRPORT,64.3,78.6,
2018-09-15,EAST HAMPTON AIRPORT,66.8,75.6,
2018-09-14,EAST HAMPTON AIRPORT,68.7,74.1,14.0
2018-09-13,EAST HAMPTON AIRPORT,68.1,75.7,14.0
2018-09-12,EAST HAMPTON AIRPORT,71.3,81.3,
2018-09-11,EAST HAMPTON AIRPORT,71.7,81.3,22.0
2018-09-10,EAST HAMPTON AIRPORT,59.2,64.9,26.0
2018-09-09,EAST HAMPTON AIRPORT,61.0,69.1,19.0
2018-09-08,EAST HAMPTON AIRPORT,66.3,73.4,17.1
2018-09-07,EAST HAMPTON AIRPORT,70.5,83.8,15.9
2018-09-06,EAST HAMPTON AIRPORT,77.3,83.8,22.9
2018-09-05,EAST HAMPTON AIRPORT,71.6,88.5,
2018-09-04,EAST HAMPTON AIRPORT,77.8,88.5,14.0
2018-09-03,EAST HAMPTON AIRPORT,74.5,81.3,17.1
2018-09-02,EAST HAMPTON AIRPORT,65.9,77.0,
2018-09-01,EAST HAMPTON AIRPORT,68.3,75.9,15.9
2018-08-31,EAST HAMPTON AIRPORT,72.3,87.8,18.1
2018-08-30,EAST HAMPTON AIRPORT,79.8,90.5,15.0
2018-08-29,EAST HAMPTON AIRPORT,79.7,90.5,15.9
2018-08-28,EAST HAMPTON AIRPORT,78.9,87.3,15.9
2018-08-27,EAST HAMPTON AIRPORT,76.2,85.1,
2018-08-26,EAST HAMPTON AIRPORT,63.6,76.3,
2018-08-25,EAST HAMPTON AIRPORT,66.0,79.0,
2018-08-24,EAST HAMPTON AIRPORT,64.7,79.0,
2018-08-23,EAST HAMPTON AIRPORT,70.1,75.0,
2018-08-22,EAST HAMPTON AIRPORT,73.5,83.3,
2018-08-21,EAST HAMPTON AIRPORT,66.8,73.9,
2018-08-20,EAST HAMPTON AIRPORT,68.6,73.9,18.1
2018-08-19,EAST HAMPTON AIRPORT,68.5,81.7,18.1
2018-08-18,EAST HAMPTON AIRPORT,75.5,84.7,24.1
2018-08-17,EAST HAMPTON AIRPORT,76.4,86.4,15.9
2018-08-16,EAST HAMPTON AIRPORT,77.1,86.4,
2018-08-15,EAST HAMPTON AIRPORT,74.8,84.4,15.9
2018-08-14,EAST HAMPTON AIRPORT,74.7,81.7,18.1
2018-08-13,EAST HAMPTON AIRPORT,71.6,81.3,18.1
2018-08-12,EAST HAMPTON AIRPORT,74.1,81.3,
2018-08-11,EAST HAMPTON AIRPORT,72.2,86.2,
2018-08-10,EAST HAMPTON AIRPORT,75.2,86.2,
2018-08-09,EAST HAMPTON AIRPORT,79.1,86.0,
2018-08-08,EAST HAMPTON AIRPORT,76.6,84.0,15.0
2018-08-07,EAST HAMPTON AIRPORT,77.8,88.2,21.0
2018-08-06,EAST HAMPTON AIRPORT,78.6,88.2,
2018-08-05,EAST HAMPTON AIRPORT,75.9,87.8,
2018-08-04,EAST HAMPTON AIRPORT,74.7,82.9,18.1
2018-08-03,EAST HAMPTON AIRPORT,77.2,82.9,20.0
2018-08-02,EAST HAMPTON AIRPORT,77.5,82.6,21.0
2018-08-01,EAST HAMPTON AIRPORT,74.3,80.8,22.9
2018-07-31,EAST HAMPTON AIRPORT,69.4,79.3,
2018-07-30,EAST HAMPTON AIRPORT,69.3,79.3,
2018-07-29,EAST HAMPTON AIRPORT,74.6,82.0,15.0
2018-07-28,EAST HAMPTON AIRPORT,74.6,83.5,
2018-07-27,EAST HAMPTON AIRPORT,75.2,83.5,15.0
2018-07-26,EAST HAMPTON AIRPORT,73.6,79.0,22.9
2018-07-25,EAST HAMPTON AIRPORT,73.7,79.7,18.1
2018-07-24,EAST HAMPTON AIRPORT,74.4,79.7,19.0
2018-07-23,EAST HAMPTON AIRPORT,74.1,79.0,21.0
2018-07-22,EAST HAMPTON AIRPORT,70.2,76.8,39.0
2018-07-21,EAST HAMPTON AIRPORT,63.5,77.7,22.0
2018-07-20,EAST HAMPTON AIRPORT,66.4,77.4,
2018-07-19,EAST HAMPTON AIRPORT,67.6,82.6,
2018-07-18,EAST HAMPTON AIRPORT,73.6,82.6,18.1
2018-07-17,EAST HAMPTON AIRPORT,74.4,84.6,22.9
2018-07-16,EAST HAMPTON AIRPORT,74.0,84.6,14.0
2018-07-15,EAST HAMPTON AIRPORT,74.4,83.8,15.0
2018-07-14,EAST HAMPTON AIRPORT,68.4,77.2,15.0
2018-07-13,EAST HAMPTON AIRPORT,65.7,76.6,15.0
2018-07-12,EAST HAMPTON AIRPORT,68.2,78.6,
2018-07-11,EAST HAMPTON AIRPORT,72.0,82.8,19.0
2018-07-10,EAST HAMPTON AIRPORT,71.7,82.8,14.0
2018-07-09,EAST HAMPTON AIRPORT,64.3,77.5,15.0
2018-07-08,EAST HAMPTON AIRPORT,61.4,73.9,
2018-07-07,EAST HAMPTON AIRPORT,67.7,80.8,24.1
2018-07-06,EAST HAMPTON AIRPORT,75.1,80.8,22.0
2018-07-05,EAST HAMPTON AIRPORT,77.5,84.0,18.1
2018-07-04,EAST HAMPTON AIRPORT,76.6,83.3,
2018-07-03,EAST HAMPTON AIRPORT,75.3,83.3,
2018-07-02,EAST HAMPTON AIRPORT,75.8,91.9,
2018-07-01,EAST HAMPTON AIRPORT,77.7,91.9,
2018-06-30,EAST HAMPTON AIRPORT,74.2,87.6,
2018-06-29,EAST HAMPTON AIRPORT,73.8,86.5,41.0
2018-06-28,EAST HAMPTON AIRPORT,68.2,73.0,18.1
2018-06-27,EAST HAMPTON AIRPORT,65.5,73.0,17.1
2018-06-26,EAST HAMPTON AIRPORT,61.2,70.5,15.0
2018-06-25,EAST HAMPTON AIRPORT,69.1,76.3,22.9
2018-06-24,EAST HAMPTON AIRPORT,64.0,71.6,
2018-06-23,EAST HAMPTON AIRPORT,61.3,69.1,15.9
2018-06-22,EAST HAMPTON AIRPORT,63.2,76.6,15.0
2018-06-21,EAST HAMPTON AIRPORT,67.0,76.6,
2018-06-20,EAST HAMPTON AIRPORT,66.6,75.9,38.1
2018-06-19,EAST HAMPTON AIRPORT,74.2,84.0,20.0
2018-06-18,EAST HAMPTON AIRPORT,69.0,81.5,25.1
2018-06-17,EAST HAMPTON AIRPORT,68.7,81.5,
2018-06-16,EAST HAMPTON AIRPORT,63.5,79.7,15.9
2018-06-15,EAST HAMPTON AIRPORT,62.7,70.7,14.0
2018-06-14,EAST HAMPTON AIRPORT,70.7,81.1,22.9
2018-06-13,EAST HAMPTON AIRPORT,61.5,66.2,17.1
2018-06-12,EAST HAMPTON AIRPORT,55.1,68.2,21.0
2018-06-11,EAST HAMPTON AIRPORT,58.5,70.0,18.1
2018-06-10,EAST HAMPTON AIRPORT,64.4,77.0,
2018-06-09,EAST HAMPTON AIRPORT,65.9,77.0,
2018-06-08,EAST HAMPTON AIRPORT,59.8,72.3,15.9
2018-06-07,EAST HAMPTON AIRPORT,55.4,63.7,
2018-06-06,EAST HAMPTON AIRPORT,56.3,69.3,15.9
2018-06-05,EAST HAMPTON AIRPORT,58.0,69.3,19.0
2018-06-04,EAST HAMPTON AIRPORT,52.5,59.9,24.1
2018-06-03,EAST HAMPTON AIRPORT,58.2,64.9,24.1
2018-06-02,EAST HAMPTON AIRPORT,67.9,82.6,
2018-06-01,EAST HAMPTON AIRPORT,63.2,67.5,
2018-05-31,EAST HAMPTON AIRPORT,58.1,68.2,17.1
2018-05-30,EAST HAMPTON AIRPORT,60.9,77.7,
2018-05-29,EAST HAMPTON AIRPORT,63.0,77.5,
2018-05-28,EAST HAMPTON AIRPORT,54.2,65.8,20.0
2018-05-27,EAST HAMPTON AIRPORT,57.9,77.5,26.0
2018-05-26,EAST HAMPTON AIRPORT,68.5,77.5,27.0
2018-05-25,EAST HAMPTON AIRPORT,61.6,75.2,28.0
2018-05-24,EAST HAMPTON AIRPORT,60.4,78.3,14.0
2018-05-23,EAST HAMPTON AIRPORT,61.7,78.3,
2018-05-22,EAST HAMPTON AIRPORT,54.5,70.7,
2018-05-21,EAST HAMPTON AIRPORT,62.4,73.4,
2018-05-20,EAST HAMPTON AIRPORT,60.0,73.4,21.0
2018-05-19,EAST HAMPTON AIRPORT,49.9,58.1,18.1
2018-05-18,EAST HAMPTON AIRPORT,56.2,63.9,25.1
2018-05-17,EAST HAMPTON AIRPORT,55.3,63.9,
2018-05-16,EAST HAMPTON AIRPORT,58.9,71.6,18.1
2018-05-15,EAST HAMPTON AIRPORT,57.8,71.6,31.1
2018-05-14,EAST HAMPTON AIRPORT,52.0,60.8,14.0
2018-05-13,EAST HAMPTON AIRPORT,50.6,55.4,15.0
2018-05-12,EAST HAMPTON AIRPORT,53.4,69.4,
2018-05-11,EAST HAMPTON AIRPORT,58.5,69.4,31.1
2018-05-10,EAST HAMPTON AIRPORT,55.0,59.0,17.1
2018-05-09,EAST HAMPTON AIRPORT,45.7,54.3,
2018-05-08,EAST HAMPTON AIRPORT,51.5,62.4,22.0
2018-05-07,EAST HAMPTON AIRPORT,53.3,61.7,
2018-05-06,EAST HAMPTON AIRPORT,55.3,68.0,18.1
2018-05-05,EAST HAMPTON AIRPORT,61.7,73.6,22.0
2018-05-04,EAST HAMPTON AIRPORT,61.3,75.0,20.0
2018-05-03,EAST HAMPTON AIRPORT,64.0,77.7,22.9
2018-05-02,EAST HAMPTON AIRPORT,61.3,77.7,18.1
2018-05-01,EAST HAMPTON AIRPORT,51.5,66.2,15.9
2018-04-30,EAST HAMPTON AIRPORT,46.4,56.3,21.0
2018-04-29,EAST HAMPTON AIRPORT,50.6,61.5,20.0
2018-04-28,EAST HAMPTON AIRPORT,51.7,61.5,
2018-04-27,EAST HAMPTON AIRPORT,46.8,65.3,
2018-04-26,EAST HAMPTON AIRPORT,55.8,65.3,25.1
2018-04-25,EAST HAMPTON AIRPORT,49.9,53.8,22.9
2018-04-24,EAST HAMPTON AIRPORT,43.8,59.4,17.1
2018-04-23,EAST HAMPTON AIRPORT,43.9,58.6,14.0
2018-04-22,EAST HAMPTON AIRPORT,44.7,58.6,18.1
2018-04-21,EAST HAMPTON AIRPORT,44.6,57.4,19.0
2018-04-20,EAST HAMPTON AIRPORT,41.1,49.8,22.9
2018-04-19,EAST HAMPTON AIRPORT,40.7,50.7,18.1
2018-04-18,EAST HAMPTON AIRPORT,40.7,50.7,25.1
2018-04-17,EAST HAMPTON AIRPORT,43.8,53.8,26.0
2018-04-16,EAST HAMPTON AIRPORT,44.0,53.8,31.1
2018-04-15,EAST HAMPTON AIRPORT,39.7,44.4,31.1
2018-04-14,EAST HAMPTON AIRPORT,52.0,62.6,26.0
2018-04-13,EAST HAMPTON AIRPORT,50.9,61.3,32.1
2018-04-12,EAST HAMPTON AIRPORT,42.9,52.9,15.9
2018-04-11,EAST HAMPTON AIRPORT,33.8,44.6,15.0
2018-04-10,EAST HAMPTON AIRPORT,37.4,42.6,
2018-04-09,EAST HAMPTON AIRPORT,34.7,43.7,19.0
2018-04-08,EAST HAMPTON AIRPORT,36.7,48.2,22.9
2018-04-07,EAST HAMPTON AIRPORT,42.2,48.6,19.0
2018-04-06,EAST HAMPTON AIRPORT,35.4,47.8,24.1
2018-04-05,EAST HAMPTON AIRPORT,39.1,52.3,31.1
2018-04-04,EAST HAMPTON AIRPORT,44.6,52.2,28.9
2018-04-03,EAST HAMPTON AIRPORT,31.5,41.2,18.1
2018-04-02,EAST HAMPTON AIRPORT,36.8,56.8,15.0
2018-04-01,EAST HAMPTON AIRPORT,44.2,56.8,20.0
2018-03-31,EAST HAMPTON AIRPORT,43.8,55.6,20.0
2018-03-30,EAST HAMPTON AIRPORT,49.2,55.6,21.0
2018-03-29,EAST HAMPTON AIRPORT,43.4,51.1,
2018-03-28,EAST HAMPTON AIRPORT,40.7,47.5,
2018-03-27,EAST HAMPTON AIRPORT,35.2,45.0,14.0
2018-03-26,EAST HAMPTON AIRPORT,36.2,44.4,22.9
2018-03-25,EAST HAMPTON AIRPORT,36.6,47.5,22.9
2018-03-24,EAST HAMPTON AIRPORT,40.0,47.8,15.9
2018-03-23,EAST HAMPTON AIRPORT,39.6,47.8,15.0
2018-03-22,EAST HAMPTON AIRPORT,35.8,46.4,22.9
2018-03-21,EAST HAMPTON AIRPORT,34.4,36.3,27.0
2018-03-20,EAST HAMPTON AIRPORT,30.4,39.0,
2018-03-19,EAST HAMPTON AIRPORT,30.4,39.0,22.0
2018-03-18,EAST HAMPTON AIRPORT,30.9,42.8,22.9
2018-03-17,EAST HAMPTON AIRPORT,32.5,42.8,27.0
2018-03-16,EAST HAMPTON AIRPORT,35.1,42.3,28.0
2018-03-15,EAST HAMPTON AIRPORT,34.9,42.3,28.0
2018-03-14,EAST HAMPTON AIRPORT,33.5,38.8,26.0
2018-03-13,EAST HAMPTON AIRPORT,33.2,42.8,31.1
2018-03-12,EAST HAMPTON AIRPORT,33.8,42.8,21.0
2018-03-11,EAST HAMPTON AIRPORT,36.3,42.3,21.0
2018-03-10,EAST HAMPTON AIRPORT,35.9,40.5,27.0
2018-03-09,EAST HAMPTON AIRPORT,34.9,41.0,22.0
2018-03-08,EAST HAMPTON AIRPORT,35.0,41.0,28.9
2018-03-07,EAST HAMPTON AIRPORT,35.1,42.8,31.1
2018-03-06,EAST HAMPTON AIRPORT,35.7,42.8,14.0
2018-03-05,EAST HAMPTON AIRPORT,35.5,45.0,22.0
2018-03-04,EAST HAMPTON AIRPORT,40.5,45.9,22.9
2018-03-03,EAST HAMPTON AIRPORT,40.5,45.9,35.0
2018-03-02,EAST HAMPTON AIRPORT,42.1,48.2,42.9
2018-03-01,EAST HAMPTON AIRPORT,47.0,56.8,15.9
2018-02-28,EAST HAMPTON AIRPORT,42.1,50.5,22.9
2018-02-27,EAST HAMPTON AIRPORT,39.6,50.5,15.9
2018-02-26,EAST HAMPTON AIRPORT,41.0,46.9,
2018-02-25,EAST HAMPTON AIRPORT,41.0,52.9,24.1
2018-02-24,EAST HAMPTON AIRPORT,42.9,52.9,
2018-02-23,EAST HAMPTON AIRPORT,35.6,53.6,17.1
2018-02-22,EAST HAMPTON AIRPORT,47.1,57.7,15.9
2018-02-21,EAST HAMPTON AIRPORT,48.7,52.0,25.1
2018-02-20,EAST HAMPTON AIRPORT,47.1,51.8,17.1
2018-02-19,EAST HAMPTON AIRPORT,34.4,49.6,15.9
2018-02-18,EAST HAMPTON AIRPORT,36.3,43.0,28.9
2018-02-17,EAST HAMPTON AIRPORT,35.0,55.4,21.0
2018-02-16,EAST HAMPTON AIRPORT,48.1,55.4,17.1
2018-02-15,EAST HAMPTON AIRPORT,42.8,49.5,15.9
2018-02-14,EAST HAMPTON AIRPORT,33.9,45.9,20.0
2018-02-13,EAST HAMPTON AIRPORT,29.7,34.9,19.0
2018-02-12,EAST HAMPTON AIRPORT,45.4,55.4,21.0
2018-02-11,EAST HAMPTON AIRPORT,47.4,52.2,22.0
2018-02-10,EAST HAMPTON AIRPORT,40.9,50.9,17.1
2018-02-09,EAST HAMPTON AIRPORT,25.0,34.2,
2018-02-08,EAST HAMPTON AIRPORT,32.3,50.5,28.0
2018-02-07,EAST HAMPTON AIRPORT,31.1,49.1,21.0
2018-02-06,EAST HAMPTON AIRPORT,26.6,48.7,
2018-02-05,EAST HAMPTON AIRPORT,39.3,48.7,25.1
2018-02-04,EAST HAMPTON AIRPORT,35.8,43.7,20.0
2018-02-03,EAST HAMPTON AIRPORT,19.2,39.9,22.9
2018-02-02,EAST HAMPTON AIRPORT,31.9,40.1,25.1
2018-02-01,EAST HAMPTON AIRPORT,36.4,40.1,21.0
2018-01-31,EAST HAMPTON AIRPORT,24.4,33.1,22.9
2018-01-30,EAST HAMPTON AIRPORT,28.9,40.1,24.1
2018-01-29,EAST HAMPTON AIRPORT,39.2,47.3,25.1
2018-01-28,EAST HAMPTON AIRPORT,45.2,47.3,19.0
2018-01-27,EAST HAMPTON AIRPORT,36.6,47.7,22.9
2018-01-26,EAST HAMPTON AIRPORT,26.9,32.9,19.0
2018-01-25,EAST HAMPTON AIRPORT,26.7,41.7,22.9
2018-01-24,EAST HAMPTON AIRPORT,40.1,55.2,22.9
2018-01-23,EAST HAMPTON AIRPORT,46.9,55.2,21.0
2018-01-22,EAST HAMPTON AIRPORT,38.1,47.5,14.0
2018-01-21,EAST HAMPTON AIRPORT,37.3,50.2,
2018-01-20,EAST HAMPTON AIRPORT,36.3,50.2,25.1
2018-01-19,EAST HAMPTON AIRPORT,26.8,33.4,17.1
2018-01-18,EAST HAMPTON AIRPORT,26.8,38.3,22.9
2018-01-17,EAST HAMPTON AIRPORT,36.0,38.7,15.0
2018-01-16,EAST HAMPTON AIRPORT,27.5,38.7,
2018-01-15,EAST HAMPTON AIRPORT,21.5,25.7,21.0
2018-01-14,EAST HAMPTON AIRPORT,20.7,25.5,24.1
2018-01-13,EAST HAMPTON AIRPORT,46.3,56.3,28.9
2018-01-12,EAST HAMPTON AIRPORT,48.3,54.7,22.0
2018-01-11,EAST HAMPTON AIRPORT,40.2,48.7,
2018-01-10,EAST HAMPTON AIRPORT,28.0,40.5,15.9
2018-01-09,EAST HAMPTON AIRPORT,34.2,40.5,20.0
2018-01-08,EAST HAMPTON AIRPORT,24.7,36.1,24.1
2018-01-07,EAST HAMPTON AIRPORT,7.4,13.8,24.1
2018-01-06,EAST HAMPTON AIRPORT,10.3,23.9,31.1
2018-01-05,EAST HAMPTON AIRPORT,17.9,26.1,35.0
2018-01-04,EAST HAMPTON AIRPORT,25.8,31.6,42.0
2018-01-03,EAST HAMPTON AIRPORT,19.1,28.9,14.0
2018-01-02,EAST HAMPTON AIRPORT,16.3,22.6,19.0
2018-01-01,EAST HAMPTON AIRPORT,9.7,21.9,24.1
2017-12-31,EAST HAMPTON AIRPORT,21.1,22.5,18.1
2017-12-30,EAST HAMPTON AIRPORT,16.9,20.8,22.9
2017-12-29,EAST HAMPTON AIRPORT,12.9,18.3,26.0
2017-12-28,EAST HAMPTON AIRPORT,15.0,24.1,26.0
2017-12-27,EAST HAMPTON AIRPORT,22.1,29.3,20.0
2017-12-26,EAST HAMPTON AIRPORT,27.6,41.2,25.1
2017-12-25,EAST HAMPTON AIRPORT,37.5,41.5,35.0
2017-12-24,EAST HAMPTON AIRPORT,40.0,55.0,21.0
2017-12-23,EAST HAMPTON AIRPORT,43.1,55.0,26.0
2017-12-22,EAST HAMPTON AIRPORT,33.3,46.6,17.1
2017-12-21,EAST HAMPTON AIRPORT,32.8,49.5,15.0
2017-12-20,EAST HAMPTON AIRPORT,44.9,53.6,24.1
2017-12-19,EAST HAMPTON AIRPORT,43.5,53.6,21.0
2017-12-18,EAST HAMPTON AIRPORT,33.6,41.9,
2017-12-17,EAST HAMPTON AIRPORT,29.6,36.5,15.9
2017-12-16,EAST HAMPTON AIRPORT,29.9,36.1,24.1
2017-12-15,EAST HAMPTON AIRPORT,21.2,29.3,18.1
2017-12-14,EAST HAMPTON AIRPORT,26.7,33.1,24.1
2017-12-13,EAST HAMPTON AIRPORT,29.0,51.8,31.1
2017-12-12,EAST HAMPTON AIRPORT,38.9,51.8,20.0
2017-12-11,EAST HAMPTON AIRPORT,35.5,39.9,21.0
2017-12-10,EAST HAMPTON AIRPORT,34.2,39.2,19.0
2017-12-09,EAST HAMPTON AIRPORT,34.2,39.7,15.0
2017-12-08,EAST HAMPTON AIRPORT,36.4,45.5,
2017-12-07,EAST HAMPTON AIRPORT,39.8,57.6,20.0
2017-12-06,EAST HAMPTON AIRPORT,50.1,58.1,26.0
2017-12-05,EAST HAMPTON AIRPORT,47.8,56.5,22.9
2017-12-04,EAST HAMPTON AIRPORT,37.2,48.4,
2017-12-03,EAST HAMPTON AIRPORT,34.8,47.5,
2017-12-02,EAST HAMPTON AIRPORT,35.8,51.8,
2017-12-01,EAST HAMPTON AIRPORT,48.7,52.0,18.1
2017-11-30,EAST HAMPTON AIRPORT,40.2,60.1,18.1
2017-11-29,EAST HAMPTON AIRPORT,54.2,59.9,21.0
2017-11-28,EAST HAMPTON AIRPORT,37.9,50.7,
2017-11-27,EAST HAMPTON AIRPORT,41.8,49.8,26.0
2017-11-26,EAST HAMPTON AIRPORT,47.4,54.7,25.1
2017-11-25,EAST HAMPTON AIRPORT,40.4,54.7,20.0
2017-11-24,EAST HAMPTON AIRPORT,33.9,46.8,
2017-11-23,EAST HAMPTON AIRPORT,35.9,54.9,31.1
2017-11-22,EAST HAMPTON AIRPORT,52.0,56.5,27.0
2017-11-21,EAST HAMPTON AIRPORT,46.9,56.5,28.0
2017-11-20,EAST HAMPTON AIRPORT,40.8,44.2,28.9
2017-11-19,EAST HAMPTON AIRPORT,54.5,60.3,32.1
2017-11-18,EAST HAMPTON AIRPORT,37.4,55.4,24.1
2017-11-17,EAST HAMPTON AIRPORT,44.0,54.5,32.1
2017-11-16,EAST HAMPTON AIRPORT,48.5,54.5,21.0
2017-11-15,EAST HAMPTON AIRPORT,41.3,46.9,15.0
2017-11-14,EAST HAMPTON AIRPORT,42.0,45.9,15.0
2017-11-13,EAST HAMPTON AIRPORT,37.3,47.7,14.0
2017-11-12,EAST HAMPTON AIRPORT,32.2,47.7,
2017-11-11,EAST HAMPTON AIRPORT,28.2,36.5,22.9
2017-11-10,EAST HAMPTON AIRPORT,41.0,53.8,32.1
2017-11-09,EAST HAMPTON AIRPORT,40.4,51.1,
2017-11-08,EAST HAMPTON AIRPORT,43.7,50.2,20.0
2017-11-07,EAST HAMPTON AIRPORT,49.4,65.3,18.1
2017-11-06,EAST HAMPTON AIRPORT,61.8,65.3,19.0
2017-11-05,EAST HAMPTON AIRPORT,54.9,59.9,17.1
2017-11-04,EAST HAMPTON AIRPORT,51.1,69.8,27.0
2017-11-03,EAST HAMPTON AIRPORT,60.0,69.8,20.0
2017-11-02,EAST HAMPTON AIRPORT,62.6,68.4,15.0
2017-11-01,EAST HAMPTON AIRPORT,43.4,58.1,
2017-10-31,EAST HAMPTON AIRPORT,53.0,58.6,21.0
2017-10-30,EAST HAMPTON AIRPORT,58.1,65.7,42.0
2017-10-29,EAST HAMPTON AIRPORT,63.1,64.4,31.1
2017-10-28,EAST HAMPTON AIRPORT,49.3,65.1,18.1
2017-10-27,EAST HAMPTON AIRPORT,51.4,60.1,15.9
2017-10-26,EAST HAMPTON AIRPORT,56.7,67.6,18.1
2017-10-25,EAST HAMPTON AIRPORT,64.6,71.2,31.1
2017-10-24,EAST HAMPTON AIRPORT,66.8,70.9,25.1
2017-10-23,EAST HAMPTON AIRPORT,55.3,71.4,15.0
2017-10-22,EAST HAMPTON AIRPORT,55.6,71.4,
2017-10-21,EAST HAMPTON AIRPORT,55.4,70.2,
2017-10-20,EAST HAMPTON AIRPORT,60.8,67.5,20.0
2017-10-19,EAST HAMPTON AIRPORT,52.9,68.5,22.0
2017-10-18,EAST HAMPTON AIRPORT,49.8,68.5,
2017-10-17,EAST HAMPTON AIRPORT,48.3,68.0,21.0
2017-10-16,EAST HAMPTON AIRPORT,60.5,68.0,25.1
2017-10-15,EAST HAMPTON AIRPORT,63.7,66.6,20.0
2017-10-14,EAST HAMPTON AIRPORT,62.4,66.2,
2017-10-13,EAST HAMPTON AIRPORT,56.4,63.3,19.0
2017-10-12,EAST HAMPTON AIRPORT,58.6,70.9,22.9
2017-10-11,EAST HAMPTON AIRPORT,60.8,76.1,15.0
2017-10-10,EAST HAMPTON AIRPORT,70.0,76.1,17.1
2017-10-09,EAST HAMPTON AIRPORT,69.1,71.8,22.9
2017-10-08,EAST HAMPTON AIRPORT,68.2,72.9,22.9
2017-10-07,EAST HAMPTON AIRPORT,66.6,75.4,15.9
2017-10-06,EAST HAMPTON AIRPORT,68.1,75.4,14.0
2017-10-05,EAST HAMPTON AIRPORT,66.6,74.1,18.1
2017-10-04,EAST HAMPTON AIRPORT,53.2,68.4,21.0
2017-10-03,EAST HAMPTON AIRPORT,51.8,67.1,15.9
2017-10-02,EAST HAMPTON AIRPORT,52.3,67.1,
2017-10-01,EAST HAMPTON AIRPORT,54.4,62.8,15.0
2017-09-30,EAST HAMPTON AIRPORT,52.9,64.6,24.1
2017-09-29,EAST HAMPTON AIRPORT,60.0,76.8,22.0
2017-09-28,EAST HAMPTON AIRPORT,71.7,77.5,22.9
2017-09-27,EAST HAMPTON AIRPORT,69.8,77.5,14.0
2017-09-26,EAST HAMPTON AIRPORT,67.8,77.4,
2017-09-25,EAST HAMPTON AIRPORT,65.6,81.1,
2017-09-24,EAST HAMPTON AIRPORT,66.4,81.1,
2017-09-23,EAST HAMPTON AIRPORT,69.5,81.0,25.1
2017-09-22,EAST HAMPTON AIRPORT,66.6,71.6,29.9
2017-09-21,EAST HAMPTON AIRPORT,70.4,72.5,26.0
2017-09-20,EAST HAMPTON AIRPORT,69.1,72.5,27.0
2017-09-19,EAST HAMPTON AIRPORT,67.3,71.4,26.0
2017-09-18,EAST HAMPTON AIRPORT,67.4,75.7,17.1
2017-09-17,EAST HAMPTON AIRPORT,65.8,77.9,
2017-09-16,EAST HAMPTON AIRPORT,68.8,78.8,
2017-09-15,EAST HAMPTON AIRPORT,71.7,78.8,
2017-09-14,EAST HAMPTON AIRPORT,69.9,74.7,
2017-09-13,EAST HAMPTON AIRPORT,64.4,78.3,
2017-09-12,EAST HAMPTON AIRPORT,61.9,75.0,
2017-09-11,EAST HAMPTON AIRPORT,63.1,72.5,
2017-09-10,EAST HAMPTON AIRPORT,62.6,70.9,17.1
2017-09-09,EAST HAMPTON AIRPORT,59.8,71.2,
2017-09-08,EAST HAMPTON AIRPORT,61.8,71.2,
2017-09-07,EAST HAMPTON AIRPORT,64.6,73.8,18.1
2017-09-06,EAST HAMPTON AIRPORT,69.7,73.8,22.9
2017-09-05,EAST HAMPTON AIRPORT,70.1,75.6,26.0
2017-09-04,EAST HAMPTON AIRPORT,64.8,73.4,22.0
2017-09-03,EAST HAMPTON AIRPORT,61.2,70.9,25.1
2017-09-02,EAST HAMPTON AIRPORT,56.1,63.1,
2017-09-01,EAST HAMPTON AIRPORT,61.8,79.5,19.0
2017-08-31,EAST HAMPTON AIRPORT,67.5,79.5,17.1
2017-08-30,EAST HAMPTON AIRPORT,63.0,72.7,24.1
2017-08-29,EAST HAMPTON AIRPORT,63.1,72.1,20.0
2017-08-28,EAST HAMPTON AIRPORT,61.0,73.4,18.1
2017-08-27,EAST HAMPTON AIRPORT,60.1,74.3,
2017-08-26,EAST HAMPTON AIRPORT,62.8,76.5,
2017-08-25,EAST HAMPTON AIRPORT,65.8,79.0,
2017-08-24,EAST HAMPTON AIRPORT,65.7,80.8,
2017-08-23,EAST HAMPTON AIRPORT,74.9,80.8,22.0
2017-08-22,EAST HAMPTON AIRPORT,73.9,84.9,19.0
2017-08-21,EAST HAMPTON AIRPORT,69.6,84.9,17.1
2017-08-20,EAST HAMPTON AIRPORT,74.0,85.1,18.1
2017-08-19,EAST HAMPTON AIRPORT,76.9,85.1,14.0
2017-08-18,EAST HAMPTON AIRPORT,70.6,76.1,20.0
2017-08-17,EAST HAMPTON AIRPORT,68.5,83.5,
2017-08-16,EAST HAMPTON AIRPORT,71.8,83.5,
2017-08-15,EAST HAMPTON AIRPORT,69.5,79.9,
2017-08-14,EAST HAMPTON AIRPORT,68.7,82.2,
2017-08-13,EAST HAMPTON AIRPORT,74.6,82.2,15.0
2017-08-12,EAST HAMPTON AIRPORT,66.8,77.4,14.0
2017-08-11,EAST HAMPTON AIRPORT,66.1,77.7,
2017-08-10,EAST HAMPTON AIRPORT,66.4,78.4,
2017-08-09,EAST HAMPTON AIRPORT,66.8,78.4,
2017-08-08,EAST HAMPTON AIRPORT,66.9,75.2,15.0
2017-08-07,EAST HAMPTON AIRPORT,63.0,74.7,17.1
2017-08-06,EAST HAMPTON AIRPORT,69.0,76.6,19.0
2017-08-05,EAST HAMPTON AIRPORT,72.4,78.8,15.0
2017-08-04,EAST HAMPTON AIRPORT,72.6,79.0,15.9
2017-08-03,EAST HAMPTON AIRPORT,71.8,79.0,14.0
2017-08-02,EAST HAMPTON AIRPORT,72.3,81.1,15.9
2017-08-01,EAST HAMPTON AIRPORT,70.8,81.1,
2017-07-31,EAST HAMPTON AIRPORT,66.0,79.9,
2017-07-30,EAST HAMPTON AIRPORT,68.2,77.5,18.1
2017-07-29,EAST HAMPTON AIRPORT,68.4,79.0,25.1
2017-07-28,EAST HAMPTON AIRPORT,73.1,78.8,
2017-07-27,EAST HAMPTON AIRPORT,62.8,74.8,15.0
2017-07-26,EAST HAMPTON AIRPORT,63.5,72.7,
2017-07-25,EAST HAMPTON AIRPORT,61.6,68.2,
2017-07-24,EAST HAMPTON AIRPORT,65.3,74.8,19.0
2017-07-23,EAST HAMPTON AIRPORT,71.4,82.2,17.1
2017-07-22,EAST HAMPTON AIRPORT,76.9,87.1,
2017-07-21,EAST HAMPTON AIRPORT,78.9,87.8,17.1
2017-07-20,EAST HAMPTON AIRPORT,77.3,87.8,19.0
2017-07-19,EAST HAMPTON AIRPORT,76.2,82.6,18.1
2017-07-18,EAST HAMPTON AIRPORT,74.8,81.7,15.0
2017-07-17,EAST HAMPTON AIRPORT,69.6,81.1,14.0
2017-07-16,EAST HAMPTON AIRPORT,71.7,81.1,
2017-07-15,EAST HAMPTON AIRPORT,66.6,72.5,
2017-07-14,EAST HAMPTON AIRPORT,62.7,66.2,15.0
2017-07-13,EAST HAMPTON AIRPORT,75.9,90.7,20.0
2017-07-12,EAST HAMPTON AIRPORT,76.8,86.9,21.0
2017-07-11,EAST HAMPTON AIRPORT,75.0,85.8,19.0
2017-07-10,EAST HAMPTON AIRPORT,69.8,81.7,17.1
2017-07-09,EAST HAMPTON AIRPORT,72.2,81.0,14.0
2017-07-08,EAST HAMPTON AIRPORT,71.3,81.0,19.0
2017-07-07,EAST HAMPTON AIRPORT,68.6,72.7,20.0
2017-07-06,EAST HAMPTON AIRPORT,64.6,78.6,
2017-07-05,EAST HAMPTON AIRPORT,69.2,83.7,15.9
2017-07-04,EAST HAMPTON AIRPORT,73.7,87.8,
2017-07-03,EAST HAMPTON AIRPORT,76.0,87.8,14.0
2017-07-02,EAST HAMPTON AIRPORT,74.8,86.4,17.1
2017-07-01,EAST HAMPTON AIRPORT,70.0,75.2,20.0
2017-06-30,EAST HAMPTON AIRPORT,69.8,75.0,24.1
2017-06-29,EAST HAMPTON AIRPORT,67.4,75.6,22.9
2017-06-28,EAST HAMPTON AIRPORT,63.9,75.6,17.1
2017-06-27,EAST HAMPTON AIRPORT,66.3,75.4,15.0
2017-06-26,EAST HAMPTON AIRPORT,67.8,79.7,18.1
2017-06-25,EAST HAMPTON AIRPORT,70.4,83.7,15.9
2017-06-24,EAST HAMPTON AIRPORT,73.8,83.7,22.9
2017-06-23,EAST HAMPTON AIRPORT,70.5,79.0,21.0
2017-06-22,EAST HAMPTON AIRPORT,69.2,82.0,17.1
2017-06-21,EAST HAMPTON AIRPORT,70.9,82.0,19.0
2017-06-20,EAST HAMPTON AIRPORT,69.7,78.6,22.0
2017-06-19,EAST HAMPTON AIRPORT,68.3,72.5,22.9
2017-06-18,EAST HAMPTON AIRPORT,66.1,71.2,18.1
2017-06-17,EAST HAMPTON AIRPORT,65.0,71.2,
2017-06-16,EAST HAMPTON AIRPORT,60.4,67.5,19.0
2017-06-15,EAST HAMPTON AIRPORT,60.9,67.5,14.0
2017-06-14,EAST HAMPTON AIRPORT,72.8,91.4,
2017-06-13,EAST HAMPTON AIRPORT,77.1,91.4,19.0
2017-06-12,EAST HAMPTON AIRPORT,76.2,89.8,18.1
2017-06-11,EAST HAMPTON AIRPORT,69.9,80.1,19.0
2017-06-10,EAST HAMPTON AIRPORT,66.5,80.1,18.1
2017-06-09,EAST HAMPTON AIRPORT,61.4,76.1,15.9
2017-06-08,EAST HAMPTON AIRPORT,52.4,67.5,
2017-06-07,EAST HAMPTON AIRPORT,54.1,67.5,
2017-06-06,EAST HAMPTON AIRPORT,53.1,61.7,18.1
2017-06-05,EAST HAMPTON AIRPORT,58.1,68.9,
2017-06-04,EAST HAMPTON AIRPORT,57.2,69.4,
2017-06-03,EAST HAMPTON AIRPORT,55.3,69.4,20.0
2017-06-02,EAST HAMPTON AIRPORT,58.6,65.3,18.1
2017-06-01,EAST HAMPTON AIRPORT,61.1,74.5,17.1
2017-05-31,EAST HAMPTON AIRPORT,57.0,64.8,
2017-05-30,EAST HAMPTON AIRPORT,52.8,56.3,
2017-05-29,EAST HAMPTON AIRPORT,53.6,63.7,18.1
2017-05-28,EAST HAMPTON AIRPORT,57.4,66.0,15.9
2017-05-27,EAST HAMPTON AIRPORT,59.6,66.9,17.1
2017-05-26,EAST HAMPTON AIRPORT,57.0,66.9,18.1
2017-05-25,EAST HAMPTON AIRPORT,54.9,63.7,25.1
2017-05-24,EAST HAMPTON AIRPORT,57.1,67.6,24.1
2017-05-23,EAST HAMPTON AIRPORT,59.3,67.6,15.9
2017-05-22,EAST HAMPTON AIRPORT,51.8,63.3,15.9
2017-05-21,EAST HAMPTON AIRPORT,50.7,66.2,
2017-05-20,EAST HAMPTON AIRPORT,60.9,86.4,18.1
2017-05-19,EAST HAMPTON AIRPORT,72.6,86.4,21.0
2017-05-18,EAST HAMPTON AIRPORT,73.0,84.7,20.0
2017-05-17,EAST HAMPTON AIRPORT,63.5,75.9,21.0
2017-05-16,EAST HAMPTON AIRPORT,62.7,75.9,19.0
2017-05-15,EAST HAMPTON AIRPORT,55.2,63.0,24.1
2017-05-14,EAST HAMPTON AIRPORT,49.5,63.0,26.0
2017-05-13,EAST HAMPTON AIRPORT,47.8,58.6,22.0
2017-05-12,EAST HAMPTON AIRPORT,49.5,58.6,17.1
2017-05-11,EAST HAMPTON AIRPORT,51.0,59.4,15.9
2017-05-10,EAST HAMPTON AIRPORT,48.5,59.4,17.1
2017-05-09,EAST HAMPTON AIRPORT,45.7,55.2,21.0
2017-05-08,EAST HAMPTON AIRPORT,48.6,56.5,22.9
2017-05-07,EAST HAMPTON AIRPORT,52.3,61.9,21.0
2017-05-06,EAST HAMPTON AIRPORT,55.9,61.9,25.1
2017-05-05,EAST HAMPTON AIRPORT,50.2,57.0,29.9
2017-05-04,EAST HAMPTON AIRPORT,49.7,64.6,29.9
2017-05-03,EAST HAMPTON AIRPORT,60.9,66.7,24.1
2017-05-02,EAST HAMPTON AIRPORT,57.7,66.7,25.1
2017-05-01,EAST HAMPTON AIRPORT,51.4,64.0,15.9
2017-04-30,EAST HAMPTON AIRPORT,57.8,80.6,22.9
2017-04-29,EAST HAMPTON AIRPORT,63.0,80.6,22.0
2017-04-28,EAST HAMPTON AIRPORT,58.9,73.8,
2017-04-27,EAST HAMPTON AIRPORT,55.9,63.7,
2017-04-26,EAST HAMPTON AIRPORT,54.1,57.7,26.0
2017-04-25,EAST HAMPTON AIRPORT,49.1,51.3,27.0
2017-04-24,EAST HAMPTON AIRPORT,44.2,56.5,
2017-04-23,EAST HAMPTON AIRPORT,47.1,56.5,
2017-04-22,EAST HAMPTON AIRPORT,47.4,51.4,
2017-04-21,EAST HAMPTON AIRPORT,47.3,61.3,19.0
2017-04-20,EAST HAMPTON AIRPORT,49.1,61.3,14.0
2017-04-19,EAST HAMPTON AIRPORT,43.1,54.3,20.0
2017-04-18,EAST HAMPTON AIRPORT,50.4,56.3,22.0
2017-04-17,EAST HAMPTON AIRPORT,65.8,73.0,20.0
2017-04-16,EAST HAMPTON AIRPORT,57.6,72.0,22.9
2017-04-15,EAST HAMPTON AIRPORT,45.2,58.3,20.0
2017-04-14,EAST HAMPTON AIRPORT,47.9,58.3,15.9
2017-04-13,EAST HAMPTON AIRPORT,50.8,70.7,22.0
2017-04-12,EAST HAMPTON AIRPORT,55.4,70.7,21.0
2017-04-11,EAST HAMPTON AIRPORT,52.4,61.9,20.0
2017-04-10,EAST HAMPTON AIRPORT,49.1,56.3,17.1
2017-04-09,EAST HAMPTON AIRPORT,45.1,58.3,18.1
2017-04-08,EAST HAMPTON AIRPORT,43.4,51.8,26.0
2017-04-07,EAST HAMPTON AIRPORT,46.4,52.2,28.0
2017-04-06,EAST HAMPTON AIRPORT,41.6,53.8,29.9
2017-04-05,EAST HAMPTON AIRPORT,44.0,53.8,18.1
2017-04-04,EAST HAMPTON AIRPORT,45.2,48.0,27.0
2017-04-03,EAST HAMPTON AIRPORT,48.9,52.9,14.0
2017-03-30,EAST HAMPTON AIRPORT,39.2,54.1,18.1
2017-03-29,EAST HAMPTON AIRPORT,43.9,54.1,21.0
2017-03-28,EAST HAMPTON AIRPORT,40.5,52.7,20.0
2017-03-27,EAST HAMPTON AIRPORT,42.2,52.7,20.0
2017-03-26,EAST HAMPTON AIRPORT,38.5,41.4,21.0
2017-03-25,EAST HAMPTON AIRPORT,45.0,56.7,20.0
2017-03-24,EAST HAMPTON AIRPORT,31.6,45.0,25.1
2017-03-23,EAST HAMPTON AIRPORT,26.6,43.2,29.9
2017-03-22,EAST HAMPTON AIRPORT,36.5,53.2,35.9
2017-03-21,EAST HAMPTON AIRPORT,43.1,53.2,
2017-03-20,EAST HAMPTON AIRPORT,38.4,50.7,20.0
2017-03-19,EAST HAMPTON AIRPORT,36.6,41.2,25.1
2017-03-18,EAST HAMPTON AIRPORT,30.6,41.9,24.1
2017-03-17,EAST HAMPTON AIRPORT,33.8,41.9,22.9
2017-03-16,EAST HAMPTON AIRPORT,28.5,36.1,28.0
2017-03-15,EAST HAMPTON AIRPORT,25.2,29.8,28.0
2017-03-14,EAST HAMPTON AIRPORT,33.3,45.5,49.0
2017-03-13,EAST HAMPTON AIRPORT,22.7,29.5,21.0
2017-03-12,EAST HAMPTON AIRPORT,20.8,27.5,26.0
2017-03-11,EAST HAMPTON AIRPORT,22.0,43.7,29.9
2017-03-10,EAST HAMPTON AIRPORT,37.0,56.7,18.1
2017-03-09,EAST HAMPTON AIRPORT,49.2,56.7,29.9
2017-03-08,EAST HAMPTON AIRPORT,48.6,55.2,28.0
2017-03-07,EAST HAMPTON AIRPORT,39.7,47.8,18.1
2017-03-06,EAST HAMPTON AIRPORT,27.2,36.3,14.0
2017-03-05,EAST HAMPTON AIRPORT,20.4,32.0,28.9
2017-03-04,EAST HAMPTON AIRPORT,24.5,36.1,29.9
2017-03-03,EAST HAMPTON AIRPORT,33.0,38.3,26.0
2017-03-02,EAST HAMPTON AIRPORT,48.3,54.9,41.0
2017-03-01,EAST HAMPTON AIRPORT,48.8,52.7,28.0
2017-02-28,EAST HAMPTON AIRPORT,44.1,50.9,
2017-02-27,EAST HAMPTON AIRPORT,35.0,47.1,25.1
2017-02-26,EAST HAMPTON AIRPORT,41.4,58.3,25.1
2017-02-25,EAST HAMPTON AIRPORT,52.6,61.5,15.9
2017-02-24,EAST HAMPTON AIRPORT,51.5,61.5,18.1
2017-02-23,EAST HAMPTON AIRPORT,43.0,54.0,18.1
2017-02-22,EAST HAMPTON AIRPORT,42.6,48.6,
2017-02-21,EAST HAMPTON AIRPORT,33.4,48.6,
2017-02-20,EAST HAMPTON AIRPORT,43.1,62.1,18.1
2017-02-19,EAST HAMPTON AIRPORT,50.5,61.5,15.9
2017-02-18,EAST HAMPTON AIRPORT,33.5,47.8,22.0
2017-02-17,EAST HAMPTON AIRPORT,30.7,37.9,27.0
2017-02-16,EAST HAMPTON AIRPORT,34.0,44.1,25.1
2017-02-15,EAST HAMPTON AIRPORT,32.9,44.1,
2017-02-14,EAST HAMPTON AIRPORT,28.4,34.9,27.0
2017-02-13,EAST HAMPTON AIRPORT,33.9,40.3,35.9
2017-02-12,EAST HAMPTON AIRPORT,32.3,41.9,21.0
2017-02-11,EAST HAMPTON AIRPORT,33.1,41.9,
2017-02-10,EAST HAMPTON AIRPORT,22.0,38.5,32.1
2017-02-09,EAST HAMPTON AIRPORT,34.1,59.2,34.0
2017-02-08,EAST HAMPTON AIRPORT,47.3,59.2,22.9
2017-02-07,EAST HAMPTON AIRPORT,34.6,43.7,15.0
2017-02-06,EAST HAMPTON AIRPORT,37.5,41.4,25.1
2017-02-05,EAST HAMPTON AIRPORT,31.9,41.4,22.9
2017-02-04,EAST HAMPTON AIRPORT,27.2,31.6,21.0
2017-02-03,EAST HAMPTON AIRPORT,29.2,41.4,14.0
2017-02-02,EAST HAMPTON AIRPORT,34.7,42.3,22.9
2017-02-01,EAST HAMPTON AIRPORT,34.8,42.3,24.1
2017-01-31,EAST HAMPTON AIRPORT,26.3,36.0,
2017-01-30,EAST HAMPTON AIRPORT,27.0,43.3,15.9
2017-01-29,EAST HAMPTON AIRPORT,33.5,43.3,17.1
2017-01-28,EAST HAMPTON AIRPORT,35.9,44.2,24.1
2017-01-27,EAST HAMPTON AIRPORT,40.3,44.2,26.0
2017-01-26,EAST HAMPTON AIRPORT,43.6,46.8,27.0
2017-01-25,EAST HAMPTON AIRPORT,38.1,43.9,25.1
2017-01-24,EAST HAMPTON AIRPORT,39.9,42.8,46.0
2017-01-23,EAST HAMPTON AIRPORT,39.8,50.0,35.9
2017-01-22,EAST HAMPTON AIRPORT,42.5,50.0,20.0
2017-01-21,EAST HAMPTON AIRPORT,42.6,46.8,
2017-01-20,EAST HAMPTON AIRPORT,39.6,45.7,
2017-01-19,EAST HAMPTON AIRPORT,38.8,45.7,15.0
2017-01-18,EAST HAMPTON AIRPORT,40.0,43.3,20.0
2017-01-17,EAST HAMPTON AIRPORT,37.3,43.0,
2017-01-16,EAST HAMPTON AIRPORT,25.9,40.3,
2017-01-15,EAST HAMPTON AIRPORT,30.8,37.0,21.0
2017-01-14,EAST HAMPTON AIRPORT,29.0,33.8,18.1
2017-01-13,EAST HAMPTON AIRPORT,48.5,58.6,24.1
2017-01-12,EAST HAMPTON AIRPORT,48.9,52.5,24.1
2017-01-11,EAST HAMPTON AIRPORT,46.0,50.4,26.0
2017-01-10,EAST HAMPTON AIRPORT,19.6,44.6,15.0
2017-01-09,EAST HAMPTON AIRPORT,17.9,22.1,22.0
2017-01-08,EAST HAMPTON AIRPORT,20.3,25.5,27.0
2017-01-07,EAST HAMPTON AIRPORT,24.6,31.3,28.0
2017-01-06,EAST HAMPTON AIRPORT,28.9,34.7,
2017-01-05,EAST HAMPTON AIRPORT,32.7,50.4,21.0
2017-01-04,EAST HAMPTON AIRPORT,44.1,50.4,22.9
2017-01-03,EAST HAMPTON AIRPORT,41.7,43.9,22.0
2017-01-02,EAST HAMPTON AIRPORT,31.7,46.6,
2017-01-01,EAST HAMPTON AIRPORT,41.5,46.6,24.1
2016-12-31,EAST HAMPTON AIRPORT,34.8,46.0,29.9
2016-12-30,EAST HAMPTON AIRPORT,36.6,44.8,28.9
2016-12-29,EAST HAMPTON AIRPORT,33.5,44.8,33.0
2016-12-28,EAST HAMPTON AIRPORT,36.9,57.7,15.0
2016-12-27,EAST HAMPTON AIRPORT,51.7,57.6,29.9
2016-12-26,EAST HAMPTON AIRPORT,35.6,47.1,15.0
2016-12-25,EAST HAMPTON AIRPORT,37.6,47.1,15.0
2016-12-24,EAST HAMPTON AIRPORT,40.2,45.7,
2016-12-23,EAST HAMPTON AIRPORT,38.3,48.6,19.0
2016-12-22,EAST HAMPTON AIRPORT,33.9,48.6,15.0
2016-12-21,EAST HAMPTON AIRPORT,31.6,37.8,
2016-12-20,EAST HAMPTON AIRPORT,26.9,32.9,
2016-12-19,EAST HAMPTON AIRPORT,29.0,38.8,25.1
2016-12-18,EAST HAMPTON AIRPORT,48.7,55.4,29.9
2016-12-17,EAST HAMPTON AIRPORT,27.9,43.9,15.0
2016-12-16,EAST HAMPTON AIRPORT,21.6,34.0,33.0
2016-12-15,EAST HAMPTON AIRPORT,28.0,41.9,29.9
2016-12-14,EAST HAMPTON AIRPORT,37.4,41.9,20.0
2016-12-13,EAST HAMPTON AIRPORT,37.2,49.6,17.1
2016-12-12,EAST HAMPTON AIRPORT,40.0,49.3,21.0
2016-12-11,EAST HAMPTON AIRPORT,24.3,35.4,
2016-12-10,EAST HAMPTON AIRPORT,29.4,38.8,22.0
2016-12-09,EAST HAMPTON AIRPORT,36.0,44.6,24.1
2016-12-08,EAST HAMPTON AIRPORT,37.8,45.5,19.0
2016-12-07,EAST HAMPTON AIRPORT,41.7,45.5,19.0
2016-12-06,EAST HAMPTON AIRPORT,39.6,46.8,
2016-12-05,EAST HAMPTON AIRPORT,36.5,46.8,17.1
2016-12-04,EAST HAMPTON AIRPORT,37.2,46.4,27.0
2016-12-03,EAST HAMPTON AIRPORT,43.3,49.1,27.0
2016-12-02,EAST HAMPTON AIRPORT,43.4,59.4,20.0
2016-12-01,EAST HAMPTON AIRPORT,53.9,59.4,24.1
2016-11-30,EAST HAMPTON AIRPORT,53.7,59.2,27.0
2016-11-29,EAST HAMPTON AIRPORT,43.6,57.7,20.0
2016-11-28,EAST HAMPTON AIRPORT,39.4,47.3,
2016-11-27,EAST HAMPTON AIRPORT,41.7,50.7,20.0
2016-11-26,EAST HAMPTON AIRPORT,46.0,55.2,15.9
2016-11-25,EAST HAMPTON AIRPORT,47.7,55.2,
2016-11-24,EAST HAMPTON AIRPORT,40.3,50.7,
2016-11-23,EAST HAMPTON AIRPORT,35.8,41.4,26.0
2016-11-22,EAST HAMPTON AIRPORT,37.5,41.0,28.9
2016-11-21,EAST HAMPTON AIRPORT,36.8,52.9,32.1
2016-11-20,EAST HAMPTON AIRPORT,44.1,55.4,34.0
2016-11-19,EAST HAMPTON AIRPORT,44.8,58.5,
2016-11-18,EAST HAMPTON AIRPORT,48.8,58.5,
2016-11-17,EAST HAMPTON AIRPORT,46.0,57.4,22.0
2016-11-16,EAST HAMPTON AIRPORT,50.4,60.8,15.0
2016-11-15,EAST HAMPTON AIRPORT,52.8,60.4,22.0
2016-11-14,EAST HAMPTON AIRPORT,45.3,58.8,
2016-11-13,EAST HAMPTON AIRPORT,42.0,58.1,15.9
2016-11-12,EAST HAMPTON AIRPORT,40.4,45.3,28.9
2016-11-11,EAST HAMPTON AIRPORT,52.2,60.8,27.0
2016-11-10,EAST HAMPTON AIRPORT,48.0,54.1,21.0
2016-11-09,EAST HAMPTON AIRPORT,54.6,56.1,
2016-11-02,EAST HAMPTON AIRPORT,42.3,55.9,15.9
2016-11-01,EAST HAMPTON AIRPORT,42.1,55.9,
2016-10-31,EAST HAMPTON AIRPORT,49.7,71.8,19.0
2016-10-30,EAST HAMPTON AIRPORT,62.5,71.4,20.0
2016-10-29,EAST HAMPTON AIRPORT,47.3,59.9,22.9
2016-10-28,EAST HAMPTON AIRPORT,50.8,59.9,26.0
2016-10-27,EAST HAMPTON AIRPORT,38.5,50.7,26.0
2016-10-26,EAST HAMPTON AIRPORT,43.0,52.0,21.0
2016-10-25,EAST HAMPTON AIRPORT,48.3,61.0,26.0
2016-10-24,EAST HAMPTON AIRPORT,53.9,61.0,21.0
2016-10-23,EAST HAMPTON AIRPORT,56.9,59.2,25.1
2016-10-19,EAST HAMPTON AIRPORT,68.4,79.3,18.1
2016-10-18,EAST HAMPTON AIRPORT,65.1,74.5,18.1
2016-10-17,EAST HAMPTON AIRPORT,64.7,74.3,14.0
2016-10-16,EAST HAMPTON AIRPORT,49.5,66.0,20.0
2016-10-15,EAST HAMPTON AIRPORT,46.1,60.1,
2016-10-14,EAST HAMPTON AIRPORT,53.4,69.1,20.0
2016-10-13,EAST HAMPTON AIRPORT,55.4,69.1,15.9
2016-10-12,EAST HAMPTON AIRPORT,49.5,63.7,
2016-10-11,EAST HAMPTON AIRPORT,49.7,60.1,
2016-10-10,EAST HAMPTON AIRPORT,52.4,65.8,28.9
2016-10-09,EAST HAMPTON AIRPORT,59.8,69.3,27.0
2016-10-08,EAST HAMPTON AIRPORT,55.2,70.9,
2016-10-07,EAST HAMPTON AIRPORT,54.1,70.9,
2016-10-06,EAST HAMPTON AIRPORT,53.7,66.6,
2016-10-05,EAST HAMPTON AIRPORT,57.3,67.1,
2016-10-04,EAST HAMPTON AIRPORT,60.9,70.0,21.0
2016-10-03,EAST HAMPTON AIRPORT,61.3,70.0,
2016-10-02,EAST HAMPTON AIRPORT,58.7,63.0,17.1
2016-10-01,EAST HAMPTON AIRPORT,60.3,63.0,25.1
2016-09-30,EAST HAMPTON AIRPORT,59.5,61.7,28.0
2016-09-29,EAST HAMPTON AIRPORT,59.3,64.2,26.0
2016-09-28,EAST HAMPTON AIRPORT,61.8,68.9,22.9
2016-09-27,EAST HAMPTON AIRPORT,66.5,68.9,18.1
2016-09-26,EAST HAMPTON AIRPORT,52.0,66.0,17.1
2016-09-25,EAST HAMPTON AIRPORT,54.6,66.2,17.1
2016-09-24,EAST HAMPTON AIRPORT,62.0,76.8,20.0
2016-09-23,EAST HAMPTON AIRPORT,62.7,78.6,
2016-09-22,EAST HAMPTON AIRPORT,65.8,78.6,
2016-09-21,EAST HAMPTON AIRPORT,69.3,78.1,
2016-09-20,EAST HAMPTON AIRPORT,70.2,75.2,
2016-09-19,EAST HAMPTON AIRPORT,69.6,71.1,
2016-09-18,EAST HAMPTON AIRPORT,71.6,77.9,18.1
2016-09-17,EAST HAMPTON AIRPORT,57.5,72.1,
2016-09-16,EAST HAMPTON AIRPORT,56.8,69.4,14.0
2016-09-15,EAST HAMPTON AIRPORT,65.4,78.4,20.0
2016-09-14,EAST HAMPTON AIRPORT,71.0,78.1,18.1
2016-09-13,EAST HAMPTON AIRPORT,60.4,73.6,15.0
2016-09-12,EAST HAMPTON AIRPORT,65.8,81.1,15.0
2016-09-11,EAST HAMPTON AIRPORT,74.0,81.1,20.0
2016-09-10,EAST HAMPTON AIRPORT,74.3,87.6,14.0
2016-09-09,EAST HAMPTON AIRPORT,77.1,87.6,15.0
2016-09-08,EAST HAMPTON AIRPORT,71.9,80.6,15.0
2016-09-07,EAST HAMPTON AIRPORT,70.5,76.3,19.0
2016-09-06,EAST HAMPTON AIRPORT,67.3,71.4,36.9
2016-09-05,EAST HAMPTON AIRPORT,65.9,74.3,35.9
2016-09-04,EAST HAMPTON AIRPORT,66.8,74.3,21.0
2016-09-03,EAST HAMPTON AIRPORT,65.0,77.2,14.0
2016-09-02,EAST HAMPTON AIRPORT,69.6,77.2,15.0
2016-09-01,EAST HAMPTON AIRPORT,72.4,81.7,
2016-08-31,EAST HAMPTON AIRPORT,71.8,81.7,15.9
2016-08-30,EAST HAMPTON AIRPORT,69.5,86.2,14.0
2016-08-29,EAST HAMPTON AIRPORT,74.1,86.2,15.0
2016-08-28,EAST HAMPTON AIRPORT,69.3,83.8,
2016-08-27,EAST HAMPTON AIRPORT,75.5,84.9,
2016-08-26,EAST HAMPTON AIRPORT,76.5,84.9,17.1
2016-08-25,EAST HAMPTON AIRPORT,72.5,81.1,20.0
2016-08-24,EAST HAMPTON AIRPORT,67.6,81.1,14.0
2016-08-23,EAST HAMPTON AIRPORT,65.0,77.4,18.1
2016-08-22,EAST HAMPTON AIRPORT,73.4,77.4,22.0
2016-08-21,EAST HAMPTON AIRPORT,75.1,79.5,18.1
2016-08-20,EAST HAMPTON AIRPORT,73.8,82.9,15.0
2016-08-19,EAST HAMPTON AIRPORT,72.7,82.9,
2016-08-18,EAST HAMPTON AIRPORT,72.9,82.2,
2016-08-17,EAST HAMPTON AIRPORT,78.9,83.5,31.1
2016-08-16,EAST HAMPTON AIRPORT,75.3,87.1,21.0
2016-08-15,EAST HAMPTON AIRPORT,80.2,91.9,
2016-08-14,EAST HAMPTON AIRPORT,82.0,91.9,18.1
2016-08-13,EAST HAMPTON AIRPORT,80.6,87.6,19.0
2016-08-12,EAST HAMPTON AIRPORT,79.2,86.7,21.0
2016-08-11,EAST HAMPTON AIRPORT,78.7,86.7,17.1
2016-08-10,EAST HAMPTON AIRPORT,71.8,83.3,32.1
2016-08-09,EAST HAMPTON AIRPORT,70.7,83.3,
2016-08-08,EAST HAMPTON AIRPORT,70.7,84.4,
2016-08-07,EAST HAMPTON AIRPORT,74.2,84.4,19.0
2016-08-06,EAST HAMPTON AIRPORT,75.5,83.3,19.0
2016-08-05,EAST HAMPTON AIRPORT,65.5,77.5,18.1
2016-08-04,EAST HAMPTON AIRPORT,64.1,75.9,
2016-08-03,EAST HAMPTON AIRPORT,66.5,75.9,15.0
2016-08-02,EAST HAMPTON AIRPORT,68.6,77.2,15.0
2016-08-01,EAST HAMPTON AIRPORT,70.2,78.3,20.0
2016-07-31,EAST HAMPTON AIRPORT,73.4,80.1,19.0
2016-07-30,EAST HAMPTON AIRPORT,71.7,80.1,
2016-07-29,EAST HAMPTON AIRPORT,73.9,82.6,15.9
2016-07-28,EAST HAMPTON AIRPORT,74.0,85.6,15.0
2016-07-27,EAST HAMPTON AIRPORT,76.3,88.0,14.0
2016-07-26,EAST HAMPTON AIRPORT,78.1,88.0,18.1
2016-07-25,EAST HAMPTON AIRPORT,76.2,86.9,19.0
2016-07-24,EAST HAMPTON AIRPORT,75.0,86.4,15.9
2016-07-23,EAST HAMPTON AIRPORT,81.2,93.2,22.0
2016-07-22,EAST HAMPTON AIRPORT,75.6,82.2,27.0
2016-07-21,EAST HAMPTON AIRPORT,70.2,82.4,21.0
2016-07-20,EAST HAMPTON AIRPORT,67.6,82.0,15.0
2016-07-19,EAST HAMPTON AIRPORT,76.4,85.8,21.0
2016-07-18,EAST HAMPTON AIRPORT,76.5,85.8,22.0
2016-07-17,EAST HAMPTON AIRPORT,77.8,87.6,15.0
2016-07-16,EAST HAMPTON AIRPORT,76.0,87.6,
2016-07-15,EAST HAMPTON AIRPORT,78.5,91.4,
2016-07-14,EAST HAMPTON AIRPORT,72.4,77.5,15.9
2016-07-13,EAST HAMPTON AIRPORT,71.6,78.4,17.1
2016-07-12,EAST HAMPTON AIRPORT,67.0,78.4,17.1
2016-07-11,EAST HAMPTON AIRPORT,67.6,73.8,18.1
2016-07-10,EAST HAMPTON AIRPORT,64.6,70.5,15.9
2016-07-09,EAST HAMPTON AIRPORT,63.8,72.1,20.0
2016-07-08,EAST HAMPTON AIRPORT,70.5,82.0,17.1
2016-07-07,EAST HAMPTON AIRPORT,74.0,86.0,
2016-07-06,EAST HAMPTON AIRPORT,77.1,86.0,
2016-07-05,EAST HAMPTON AIRPORT,72.1,81.5,15.0
2016-07-04,EAST HAMPTON AIRPORT,69.5,79.7,18.1
2016-07-03,EAST HAMPTON AIRPORT,66.1,78.8,15.9
2016-07-02,EAST HAMPTON AIRPORT,70.0,76.6,21.0
2016-07-01,EAST HAMPTON AIRPORT,68.8,80.2,18.1
2016-06-30,EAST HAMPTON AIRPORT,71.0,79.7,15.9
2016-06-29,EAST HAMPTON AIRPORT,70.7,77.7,
2016-06-28,EAST HAMPTON AIRPORT,68.5,75.2,
2016-06-27,EAST HAMPTON AIRPORT,65.0,75.2,15.9
2016-06-26,EAST HAMPTON AIRPORT,62.0,72.1,15.0
2016-06-25,EAST HAMPTON AIRPORT,64.6,76.1,14.0
2016-06-24,EAST HAMPTON AIRPORT,67.4,78.4,19.0
2016-06-23,EAST HAMPTON AIRPORT,65.6,78.1,
2016-06-22,EAST HAMPTON AIRPORT,69.0,83.1,17.1
2016-06-21,EAST HAMPTON AIRPORT,69.7,83.3,15.9
2016-06-20,EAST HAMPTON AIRPORT,62.6,71.8,18.1
2016-06-19,EAST HAMPTON AIRPORT,60.9,78.1,15.0
2016-06-18,EAST HAMPTON AIRPORT,62.6,78.1,
2016-06-17,EAST HAMPTON AIRPORT,62.6,75.4,15.9
2016-06-16,EAST HAMPTON AIRPORT,66.6,80.2,
2016-06-15,EAST HAMPTON AIRPORT,66.2,80.2,18.1
2016-06-14,EAST HAMPTON AIRPORT,65.1,75.9,27.0
2016-06-13,EAST HAMPTON AIRPORT,62.6,82.9,25.1
2016-06-12,EAST HAMPTON AIRPORT,69.2,82.9,28.9
2016-06-11,EAST HAMPTON AIRPORT,57.2,72.9,18.1
2016-06-10,EAST HAMPTON AIRPORT,63.1,72.9,20.0
2016-06-09,EAST HAMPTON AIRPORT,60.3,70.0,27.0
2016-06-08,EAST HAMPTON AIRPORT,63.3,79.9,21.0
2016-06-07,EAST HAMPTON AIRPORT,69.9,79.9,17.1
2016-06-06,EAST HAMPTON AIRPORT,69.4,79.2,21.0
2016-06-05,EAST HAMPTON AIRPORT,62.2,77.4,19.0
2016-06-04,EAST HAMPTON AIRPORT,64.8,77.4,
2016-06-03,EAST HAMPTON AIRPORT,59.5,64.9,
2016-06-02,EAST HAMPTON AIRPORT,60.2,78.1,19.0
2016-06-01,EAST HAMPTON AIRPORT,66.8,78.1,22.9
2016-05-31,EAST HAMPTON AIRPORT,66.9,73.2,17.1
2016-05-30,EAST HAMPTON AIRPORT,63.9,76.6,17.1
2016-05-29,EAST HAMPTON AIRPORT,68.8,76.6,21.0
2016-05-28,EAST HAMPTON AIRPORT,67.6,74.5,22.0
2016-05-27,EAST HAMPTON AIRPORT,62.8,82.9,18.1
2016-05-26,EAST HAMPTON AIRPORT,69.4,83.5,14.0
2016-05-25,EAST HAMPTON AIRPORT,63.6,83.5,15.9
2016-05-24,EAST HAMPTON AIRPORT,57.4,72.1,21.0
2016-05-23,EAST HAMPTON AIRPORT,56.7,72.1,15.0
2016-05-22,EAST HAMPTON AIRPORT,57.0,67.8,14.0
2016-05-21,EAST HAMPTON AIRPORT,53.3,70.3,
2016-05-20,EAST HAMPTON AIRPORT,54.2,70.3,15.9
2016-05-19,EAST HAMPTON AIRPORT,54.0,62.1,
2016-05-18,EAST HAMPTON AIRPORT,54.1,65.5,19.0
2016-05-17,EAST HAMPTON AIRPORT,55.3,65.5,22.0
2016-05-16,EAST HAMPTON AIRPORT,49.9,62.4,33.0
2016-05-15,EAST HAMPTON AIRPORT,54.3,69.8,28.0
2016-05-14,EAST HAMPTON AIRPORT,60.1,69.6,17.1
2016-05-13,EAST HAMPTON AIRPORT,55.3,66.6,
2016-05-12,EAST HAMPTON AIRPORT,55.6,66.6,
2016-05-11,EAST HAMPTON AIRPORT,55.1,68.4,14.0
2016-05-10,EAST HAMPTON AIRPORT,53.4,67.8,21.0
2016-05-09,EAST HAMPTON AIRPORT,55.0,67.8,22.9
2016-05-08,EAST HAMPTON AIRPORT,49.9,64.9,25.1
2016-05-07,EAST HAMPTON AIRPORT,48.3,55.4,21.0
2016-05-06,EAST HAMPTON AIRPORT,47.1,53.1,27.0
2016-05-05,EAST HAMPTON AIRPORT,45.9,50.4,24.1
2016-05-04,EAST HAMPTON AIRPORT,47.4,50.4,22.9
2016-05-03,EAST HAMPTON AIRPORT,48.4,56.1,
2016-05-02,EAST HAMPTON AIRPORT,48.3,56.1,
2016-05-01,EAST HAMPTON AIRPORT,42.2,55.2,14.0
2016-04-30,EAST HAMPTON AIRPORT,46.4,55.2,14.0
2016-04-29,EAST HAMPTON AIRPORT,47.1,52.5,21.0
2016-04-28,EAST HAMPTON AIRPORT,46.5,52.5,15.9
2016-04-27,EAST HAMPTON AIRPORT,43.4,50.2,
2016-04-26,EAST HAMPTON AIRPORT,46.3,57.6,17.1
2016-04-25,EAST HAMPTON AIRPORT,48.0,60.1,
2016-04-24,EAST HAMPTON AIRPORT,49.7,67.1,22.0
2016-04-23,EAST HAMPTON AIRPORT,57.9,67.1,15.0
2016-04-22,EAST HAMPTON AIRPORT,56.7,65.3,17.1
2016-04-21,EAST HAMPTON AIRPORT,50.6,62.1,21.0
2016-04-20,EAST HAMPTON AIRPORT,46.1,64.2,18.1
2016-04-19,EAST HAMPTON AIRPORT,50.3,72.9,27.0
2016-04-18,EAST HAMPTON AIRPORT,48.3,72.9,15.9
2016-04-17,EAST HAMPTON AIRPORT,48.3,62.4,19.0
2016-04-16,EAST HAMPTON AIRPORT,44.2,57.9,22.9
2016-04-15,EAST HAMPTON AIRPORT,42.4,56.8,18.1
2016-04-14,EAST HAMPTON AIRPORT,40.1,54.9,15.9
2016-04-13,EAST HAMPTON AIRPORT,42.3,52.9,17.1
2016-04-12,EAST HAMPTON AIRPORT,49.8,54.0,22.0
2016-04-11,EAST HAMPTON AIRPORT,45.9,54.0,22.9
2016-04-10,EAST HAMPTON AIRPORT,38.6,45.7,19.0
2016-04-09,EAST HAMPTON AIRPORT,37.5,50.7,14.0
2016-04-08,EAST HAMPTON AIRPORT,46.2,53.8,28.9
2016-04-07,EAST HAMPTON AIRPORT,48.3,53.2,27.0
2016-04-06,EAST HAMPTON AIRPORT,33.4,42.8,22.0
2016-04-05,EAST HAMPTON AIRPORT,31.3,45.9,22.9
2016-04-04,EAST HAMPTON AIRPORT,36.0,46.8,21.0
2016-04-03,EAST HAMPTON AIRPORT,39.5,52.9,46.0
2016-04-02,EAST HAMPTON AIRPORT,48.7,56.8,20.0
2016-04-01,EAST HAMPTON AIRPORT,52.8,60.4,24.1
2016-03-31,EAST HAMPTON AIRPORT,49.8,60.4,28.9
2016-03-30,EAST HAMPTON AIRPORT,39.5,52.3,21.0
2016-03-29,EAST HAMPTON AIRPORT,47.5,53.6,32.1
2016-03-28,EAST HAMPTON AIRPORT,43.5,50.4,17.1
2016-03-27,EAST HAMPTON AIRPORT,36.4,47.5,15.9
2016-03-26,EAST HAMPTON AIRPORT,43.7,53.6,18.1
2016-03-25,EAST HAMPTON AIRPORT,48.5,53.6,18.1
2016-03-24,EAST HAMPTON AIRPORT,43.3,47.1,24.1
2016-03-23,EAST HAMPTON AIRPORT,50.6,65.1,22.9
2016-03-22,EAST HAMPTON AIRPORT,39.6,47.8,24.1
2016-03-21,EAST HAMPTON AIRPORT,35.1,46.9,21.0
2016-03-20,EAST HAMPTON AIRPORT,35.6,42.4,21.0
2016-03-19,EAST HAMPTON AIRPORT,39.5,55.2,20.0
2016-03-18,EAST HAMPTON AIRPORT,47.2,58.6,28.9
2016-03-17,EAST HAMPTON AIRPORT,46.6,58.6,21.0
2016-03-16,EAST HAMPTON AIRPORT,47.0,54.9,14.0
2016-03-15,EAST HAMPTON AIRPORT,45.7,50.0,29.9
2016-03-14,EAST HAMPTON AIRPORT,44.0,49.5,26.0
2016-03-13,EAST HAMPTON AIRPORT,51.3,61.0,17.1
2016-03-12,EAST HAMPTON AIRPORT,43.1,61.3,17.1
2016-03-11,EAST HAMPTON AIRPORT,55.3,70.7,19.0
2016-03-10,EAST HAMPTON AIRPORT,56.0,70.7,15.9
2016-03-09,EAST HAMPTON AIRPORT,48.0,57.9,18.1
2016-03-08,EAST HAMPTON AIRPORT,41.2,49.1,14.0
2016-03-07,EAST HAMPTON AIRPORT,32.7,46.8,28.0
2016-03-06,EAST HAMPTON AIRPORT,31.3,41.2,
2016-03-05,EAST HAMPTON AIRPORT,31.0,34.9,24.1
2016-03-04,EAST HAMPTON AIRPORT,29.5,33.4,21.0
2016-03-03,EAST HAMPTON AIRPORT,28.5,33.3,25.1
2016-03-02,EAST HAMPTON AIRPORT,45.1,50.7,28.0
2016-03-01,EAST HAMPTON AIRPORT,42.0,52.0,22.9
2016-02-29,EAST HAMPTON AIRPORT,46.6,52.0,27.0
2016-02-28,EAST HAMPTON AIRPORT,40.4,50.2,28.9
2016-02-27,EAST HAMPTON AIRPORT,28.9,39.6,21.0
2016-02-26,EAST HAMPTON AIRPORT,36.4,55.6,28.0
2016-02-25,EAST HAMPTON AIRPORT,50.6,55.6,32.1
2016-02-24,EAST HAMPTON AIRPORT,42.1,53.2,24.1
2016-02-23,EAST HAMPTON AIRPORT,34.6,47.7,25.1
2016-02-22,EAST HAMPTON AIRPORT,40.8,52.3,14.0
2016-02-21,EAST HAMPTON AIRPORT,48.0,52.0,17.1
2016-02-20,EAST HAMPTON AIRPORT,43.5,51.1,19.0
2016-02-19,EAST HAMPTON AIRPORT,29.0,35.8,17.1
2016-02-18,EAST HAMPTON AIRPORT,32.3,36.0,25.1
2016-02-17,EAST HAMPTON AIRPORT,37.2,53.8,20.0
2016-02-16,EAST HAMPTON AIRPORT,46.2,53.8,32.1
2016-02-15,EAST HAMPTON AIRPORT,12.6,36.0,20.0
2016-02-14,EAST HAMPTON AIRPORT,3.7,23.5,28.9
2016-02-13,EAST HAMPTON AIRPORT,20.8,23.5,35.0
2016-02-12,EAST HAMPTON AIRPORT,18.3,29.8,27.0
2016-02-11,EAST HAMPTON AIRPORT,26.8,36.5,29.9
2016-02-10,EAST HAMPTON AIRPORT,28.9,36.5,
2016-02-09,EAST HAMPTON AIRPORT,26.3,38.3,
2016-02-08,EAST HAMPTON AIRPORT,32.1,40.8,31.1
2016-02-07,EAST HAMPTON AIRPORT,29.2,42.8,
2016-02-06,EAST HAMPTON AIRPORT,29.1,35.6,24.1
2016-02-05,EAST HAMPTON AIRPORT,35.9,54.1,28.0
2016-02-04,EAST HAMPTON AIRPORT,51.2,54.0,26.0
2016-02-03,EAST HAMPTON AIRPORT,41.1,52.5,25.1
2016-02-02,EAST HAMPTON AIRPORT,41.3,56.5,15.9
2016-02-01,EAST HAMPTON AIRPORT,48.1,56.5,19.0
2016-01-31,EAST HAMPTON AIRPORT,42.3,49.3,18.1
2016-01-30,EAST HAMPTON AIRPORT,32.9,41.0,24.1
2016-01-29,EAST HAMPTON AIRPORT,32.5,42.8,19.0
2016-01-28,EAST HAMPTON AIRPORT,29.9,43.9,
2016-01-27,EAST HAMPTON AIRPORT,41.7,47.7,15.0
2016-01-26,EAST HAMPTON AIRPORT,32.6,47.7,26.0
2016-01-25,EAST HAMPTON AIRPORT,28.1,37.4,
2016-01-24,EAST HAMPTON AIRPORT,28.0,34.7,32.1
2016-01-23,EAST HAMPTON AIRPORT,30.6,32.0,45.1
2016-01-22,EAST HAMPTON AIRPORT,25.2,34.5,21.0
2016-01-21,EAST HAMPTON AIRPORT,29.7,34.7,21.0
2016-01-20,EAST HAMPTON AIRPORT,29.2,34.7,28.9
2016-01-19,EAST HAMPTON AIRPORT,23.0,30.9,28.9
2016-01-18,EAST HAMPTON AIRPORT,28.2,40.3,28.0
2016-01-17,EAST HAMPTON AIRPORT,35.8,44.2,
2016-01-16,EAST HAMPTON AIRPORT,42.2,50.0,17.1
2016-01-15,EAST HAMPTON AIRPORT,37.0,50.0,
2016-01-14,EAST HAMPTON AIRPORT,26.8,34.3,22.9
2016-01-13,EAST HAMPTON AIRPORT,29.4,45.0,32.1
2016-01-12,EAST HAMPTON AIRPORT,28.1,45.0,32.1
2016-01-11,EAST HAMPTON AIRPORT,39.0,59.4,27.0
2016-01-10,EAST HAMPTON AIRPORT,50.3,59.4,41.0
2016-01-09,EAST HAMPTON AIRPORT,43.3,48.2,15.0
2016-01-08,EAST HAMPTON AIRPORT,34.2,46.4,20.0
2016-01-07,EAST HAMPTON AIRPORT,38.5,45.5,
2016-01-06,EAST HAMPTON AIRPORT,36.3,41.0,
2016-01-02,EAST HAMPTON AIRPORT,37.1,39.2,
